-- phpMyAdmin SQL Dump
-- version 5.2.1
-- https://www.phpmyadmin.net/
--
-- Servidor: 127.0.0.1
-- Tiempo de generación: 08-05-2023 a las 10:21:13
-- Versión del servidor: 10.4.28-MariaDB
-- Versión de PHP: 8.2.4

SET SQL_MODE = "NO_AUTO_VALUE_ON_ZERO";
START TRANSACTION;
SET time_zone = "+00:00";


/*!40101 SET @OLD_CHARACTER_SET_CLIENT=@@CHARACTER_SET_CLIENT */;
/*!40101 SET @OLD_CHARACTER_SET_RESULTS=@@CHARACTER_SET_RESULTS */;
/*!40101 SET @OLD_COLLATION_CONNECTION=@@COLLATION_CONNECTION */;
/*!40101 SET NAMES utf8mb4 */;

--
-- Base de datos: `practica2`
--

-- --------------------------------------------------------

--
-- Estructura de tabla para la tabla `asignaturas`
--

CREATE TABLE `asignaturas` (
  `id_profesor` int(11) NOT NULL,
  `profesor` varchar(255) NOT NULL
) ENGINE=InnoDB DEFAULT CHARSET=utf8mb4 COLLATE=utf8mb4_general_ci;

--
-- Volcado de datos para la tabla `asignaturas`
--

INSERT INTO `asignaturas` (`id_profesor`, `profesor`) VALUES
(1, 'Victor'),
(2, 'Moises'),
(3, 'Cristobal'),
(4, 'Jose Tomas'),
(5, 'Juan Maria'),
(6, 'Yolanda');

-- --------------------------------------------------------

--
-- Estructura de tabla para la tabla `cursos`
--

CREATE TABLE `cursos` (
  `id_asignatura` int(11) NOT NULL,
  `asignatura` varchar(255) NOT NULL
) ENGINE=InnoDB DEFAULT CHARSET=utf8mb4 COLLATE=utf8mb4_general_ci;

--
-- Volcado de datos para la tabla `cursos`
--

INSERT INTO `cursos` (`id_asignatura`, `asignatura`) VALUES
(1, 'Sistemas Operativos en Red'),
(2, 'Seguridad Informática'),
(3, 'Programación Web'),
(4, 'E.I.E'),
(5, 'Redes'),
(6, 'Ingles');

-- --------------------------------------------------------

--
-- Estructura Stand-in para la vista `finales`
-- (Véase abajo para la vista actual)
--
CREATE TABLE `finales` (
`asignatura` varchar(255)
,`nombre` varchar(255)
,`nota` float
,`profesor` varchar(255)
);

-- --------------------------------------------------------

--
-- Estructura de tabla para la tabla `notas`
--

CREATE TABLE `notas` (
  `id_notas` int(11) NOT NULL,
  `id_alumno` int(11) NOT NULL,
  `id_asignatura` int(11) NOT NULL,
  `id_curso` int(11) NOT NULL,
  `nota` float NOT NULL
) ENGINE=InnoDB DEFAULT CHARSET=utf8mb4 COLLATE=utf8mb4_general_ci;

--
-- Volcado de datos para la tabla `notas`
--

INSERT INTO `notas` (`id_notas`, `id_alumno`, `id_asignatura`, `id_curso`, `nota`) VALUES
(1, 1, 1, 1, 9),
(2, 1, 2, 2, 7),
(3, 1, 3, 3, 10),
(4, 1, 4, 4, 6),
(5, 1, 5, 5, 7),
(6, 1, 6, 6, 6),
(7, 2, 1, 1, 5),
(8, 2, 2, 2, 6),
(9, 2, 3, 3, 9),
(10, 2, 4, 4, 5),
(11, 2, 5, 5, 5),
(12, 2, 6, 6, 5),
(13, 3, 1, 1, 8),
(14, 3, 2, 2, 7),
(15, 3, 3, 3, 10),
(16, 3, 4, 4, 8),
(17, 3, 5, 5, 6),
(18, 3, 6, 6, 7);

-- --------------------------------------------------------

--
-- Estructura de tabla para la tabla `usuarios`
--

CREATE TABLE `usuarios` (
  `id` int(2) NOT NULL,
  `dni` varchar(20) NOT NULL,
  `nombre` varchar(255) NOT NULL,
  `apellidos` varchar(255) NOT NULL,
  `usuario` varchar(255) NOT NULL,
  `contraseña` varchar(255) NOT NULL,
  `foto` blob NOT NULL,
  `dirección` varchar(255) NOT NULL,
  `telefono` int(9) NOT NULL,
  `tipo_de_usuario` int(1) NOT NULL,
  `activo` tinyint(1) NOT NULL
) ENGINE=InnoDB DEFAULT CHARSET=utf8mb4 COLLATE=utf8mb4_general_ci;

--
-- Volcado de datos para la tabla `usuarios`
--

INSERT INTO `usuarios` (`id`, `dni`, `nombre`, `apellidos`, `usuario`, `contraseña`, `foto`, `dirección`, `telefono`, `tipo_de_usuario`, `activo`) VALUES
(1, '4876589W', 'Jaun Carlos', 'López Sempere', 'jcls', '1234', 0x89504e470d0a1a0a0000000d4948445200000200000002000806000000f478d4fa0000000473424954080808087c086488000000097048597300000b1300000b1301009a9c180000001974455874536f667477617265007777772e696e6b73636170652e6f72679bee3c1a0000200049444154789cecdd779c5d55bdfef1cf4c7a420a3d244002a1871e407a1144aa020236aa22fe445150106cd77a2d78bd5ebb802262bb2288f4a25e2c144190de2184de09e975e6fcfe5833e6309c993965aff3acbdf7f37ebdbe37dca0eef55d67ed75d6d97b950ecc2c75c380d57b622d600230bee7cfea7f1e0b8c0456eaf9ef4c0086f4fcfb6ae381ce3e7fd70dcce9f3777380e53d7f2e03e6038b81b93d7f370778ad4f3c0fbcd413cb9aced8cca2eb5017c0acc43a085fe8eb00937afe5c1b98dcf3cfab036b00aba80ad8a25781170983812781677ae2a99e3f9f069e9595ceace43c00308b6b08b01eb031b03e30ad27d6ef8991baa2256131301378ac277afff961e071a04b5734b362f300c02c1b43814d80e9c0a63db109e18b7f84b05c79b60478107808b81f7800b8afe7ff5f2e2c975921780060d6b871c0d6c0563db135b039fea26f97c58481c09dc05d557fce5516ca2c6f3c00301bd850c2aff819c02ec0ae845ff67d27d199de73c00dc08dc0edc06d84c18299d5e00180d9ebad4ef8a2df1dd819d806182e2d91356b0970077013f037c2c0e0656989cc12e2018095dd64606f6037c217ffa6dae2584415c29c821b80bf037fc6ab10acc43c00b0b25909d811d8a727b6c5f74199cd04fed4137f262c5d342b05777c56749dc0f6c001c0fe842ffc21d21259aaba087307ae06ae22cc21e89696c82c220f00ac8856213cd6df073888b0c98e59a35e06ae07ae002e07666b8b63962d0f00ac28d621fcc23f18782b612b5cb3ac7401ff007e075c4cd8c5d02cd73c00b03cdb1438b42766e0f66ced5121bc1eb8a4271ed416c7ac39ee302d6fd6257ce11f4198b56fa6763fe1c9c0af8047c46531ab9b070096079381238177013b88cb62d69f0a700bf05be042bcc4d012e70180a56a24e17dfe31c07e841df9ccf2a21bb819b880f0646081b638666fe40180a56606e14bff28f27b0cae59b5b9c0a584c1c09f094f0acce43c00b014ac0e1c077c00d8505b14b3a81e06ce05cec7db129b980700a634033811381a18252e8b593b2d253c1538073f1530110f00acddc603ef03fe1fb091b82c66297818f811f033608eb82c56221e0058bb6c087c84f0e5bf92b82c66299a0ffc1af81e70afb82c66662de924cce4bf8e302bbae27038068d6ee05ae040c23d6466961bc30933f9ef43df993a1c798e47808fe1393216815f015896c601c703a71336ef31b36cbc489827f05d7c64b165c40300cbc224c297fe09f8fdbe594cf308cb08ff0b784e5c16332bb17581ef000bd13f2a7538ca144b081b0b4dc3ac497e0260cd980a9c4a58c33f525b14b3525b06fc2ff0657c109199453405388fd0e9a87f01391c8e15b18cf06a605dcceae42700568fd5814f106623fb17bf59ba9612b619fe029e236083f000c006b20af051e0e3c0587159ccac7e0b091b0a7d03982d2e8b25ca0300ab6524e1d7fe99c00471596c85c58403645ee98997aafeb9faef97137e09f61e413b9ff08818567c1954fffb3184bd1b0056eef973182b5674f4fefba1c0aac06a3d7ff6c6ea7dfece4f89d2311bf81a6130b0585c164b8c070056ad93700cef97f1bbc4765b023c093c0eccaafa7316f02ce18b3d2f67ca8f210c042601eb11268d4eadfae729ac1870587b3c017c86b0d570455c164b840700d66b1fe02c601b75410a6c31703f700ff0182bbee81f27bcafed9695acbd3a098383a98441c17a84e56c9b03d38111b29215dfedc02781ff5317c4f43c00b00d80af0247a80b5230cf11b642be9fd0e9de4738e06589b250393094f0f4693ae1b8e8cd7afe7953dc5f65e90ae014c240d44aca375479ad447824782afec5d58a6ee001e066e04ee06ec22ffcd794852aa009c096c016c0d6c04e84c181fbb0e62d06fe9bf003202faf97ccac051d845ffb4fa05fbb9cc7580adc46d801f108c2bb6ed3184b7875f505e08f7847ca66e319c2e15d1e4c9915d8e6c0dfd17738798ae7808b094f4a7624cc8eb7340d237c461f077e0f3c8fbefde429fe4a78dd6266053286b01e7829fa4e26f558085c059c0c6cd44c655b5236262c69bd1a3f21a8279612960d8e6ea6b2cd2c2d07136699ab3b9694e331e06cc2237d9f66585ca308af0cbe4e788da36e7729c7d3c03b9aab6633539b0c5c82be234931161066417f189fa656661b001f01ae24b40975bb4c312e06d66ab682cdacbd3a8013083b80a93b8f94e235e0e7c08178a73a7ba391c041c02f8039e8db6b4a311b781f9e246896b4a9c075e83b8c54622170396186f398e6abd54a6604e1d5d905c05cf4ed3895f82bb0610bf56a66117412263acd47df49a863017021e1fde5a8562ad58c3019ee08e0223c89b002cc231c10d6d94aa59a5936d6238cccd51d833296027f00de857fe95b3c2b01ef062ec52b6afe4278e2686622c750ee47948f10368159a7c57a346bd444e00c421b54df07aa980b9c88e70698b5d59a845f21ea0e40114b088ff8f7c11d8fa56106611969595f115c4d38dcc9cc227b07e1ec77f54ddfeeb89fb01bdf6aad57a15914ab1176217c00fdfdd2ee780938a4f52a34b35a4603e7a0bfd1db198b094bf776cda0feccda6937c22a82c5e8efa376c60ff1e45bb34c4d279c32a7beb9db15af110edb999c45e59909ad4198a752a6a776f7035b65507766a5d641986453965dca1e232c67f44c7e2b9a118449bb65793db088702f7b9e8e591356a63c13fd6e040ec36b8badf88600870337a3bfefda111703e333a939b392d8167814fdcd1b33ba08bbf4ed92519d99e5cd0cc23c81e5e8efc798310bd8219b2a332bb69328f6c4a165c079848358cc2c6caf7b3ec51e082c023e90517d9915ce4ac06fd0dfa8b1a20bf825de4bdcac3f1b03bf26dc2beafb35565c80e7f898bdce06c03de86fce18d14d78d4bf7566b565566c9b11be288b3a10b80b583fb3da32cbb1fd8057d1df9431e28f84f79c66d6b8cd09bb5e76a3bf97b38e57807db3ab2ab37ce920ec255ec4f77e7f04b6cfaeaacc4aed4d84a768eafb3aeb584ee803bd54d04a650c6164afbe01b38e5bf1ae7d66b1ec0edc86fe3ecf3a7e43d8e9d4acf02651bc9bf859c286455ec76f1657076143a1e7d0dff759c69dc0ba19d6935972b6069e447fb365154b085bf68ecbb292cc6c5063085b0c2f42df0f6415cfe2578756508753ac2d7d2fc73379cdd4d621ac1850f70759c522e0dd99d690995007f0598a3393f74e60cf2c2bc8cc5ab637c53930ac1bf854b6d563d67ec3809fa1bfa1b2889708eff987645a4366969521c087084becd4fd4516f1136068a63564d6262b0157a2bf89b2880b81d5b3ad1e338b640d8af35ae03a3cc7c8726622c598e9ff0c7048c6756366ed7100f004fa7ea4d5b80b989c71dd9845b101f008fa9ba695e806ce06c6665c3766d65ea381af93ff6d8567029b645c376699da017819fdcdd24adc07ec9475c59899d42ec0fde8fb9756e22560bbac2bc62c0b7b0273d0df24cdc652c22f851119d78b99a5611861ebdd3c1f373e1f784bd61563d68a43c9f74d750b303df35a31b3146d41d8b65bddef341b8b80b7675e2b664d381a5886fea66826ba083bf90dcfbc56cc2c6543093b09e6f530b2e5c0fbb3ae14b3469c4a7e37f899850fee312bbbddc9ef4a816ee0a3d95789d9e04e477f03341b17022b675f25669643e3805fa0ef979a8dcf665f2566fd3b037da36f26e61076f33333ebeb086036fa7eaa99f87c84fa307b83bc7ef9ff039816a13eccac38a6007f43df5f35135f8f501f66fff635f48dbcd158067c0eefe16f66f5190a7c917c4e10fc5a84fa30e32be81b77a3f122e1943033b346ed0e3c87be1f6b34fe2b466558797d097da36e346e233cce33336bd664e066f4fd59a3f1850875612594c7d9fe67e3b5fd66968d1184fd42d4fd5aa3e1d501d6928fa36fc48dc462e08428356166657734b0107d3fd7487c2a4a4d58e19d8abef13612b3806d63548499598fedc8dfc641de2cc81a720cf9dae1ef7a608d28356166f67aab02d7a2eff7ea8d6ebc6db0d5e930f2b5fce56b78899f99b5d710e02cf4fd5fbdb10c1f2064837833e1a4297563adb7417f304e359899d5e578c251e2eafeb09e5802ec1ba71a2cef7600e6a26fa4f5c45c60ff38d56066d690bd81d7d0f78bf5c47c60e738d56079b509f032fac6594fcc02a647a90533b3e66c013c89be7fac275e02368a530d9637ab038fa06f94f5c49dc0da71aac1ccac256b11362053f793f5c44c60629c6ab0bc180bdc8ebe31d61357f794d7cc2c556380cbd0f797f5c46dc04a71aac152370cb8067d23ac27ce261cd0616696ba21c0f7d0f79bf5c455b86f2d9d0ee067e81bdf60d1059c12a90ecccc62fa04f9d84fe5dc58156069fa1cfa4637582c078e8b94bf99593bbc97b06459dd9f0e1667c6aa004bcb3b08bfacd50d6ea058021c1eab02ccccdae848d2df2ba01b7867ac0ab0346c4b5807aa6e6c03c562bc63959915cb01a47f90d042c27e3056409380a7d037b281623eb04fac0a303313da83f4375b7b162fb52e9c31c0bfd037ae816236b053ac0a30334bc02ea4bf6be06dc0e8581560edd501fc2ffa463550bc821f3d9959396c03bc88bedf1d282e267c7758ce7d1a7d631a289e236ca3696656169b024fa3ef7f078ad3a2656f6db13f69cff87f16d8305af66666e9da90d007aafbe1fe6239f09668d95b541b12deabab1b517ff1123ed4c7ccca6d63e079f4fd717ff10a302d5af616c54ac0bde81b4f7f319bb024d1ccacec6690f6c4c03bf1a4c05cb9007da3e92f1600bbc54bddcc2c777604e6a1ef9ffb8b5fc74bddb27412fac6d25f2c06de1a2f7533b3dc7a33b0087d3fdd5f9c102f75cbc256a4bbdbd452e0a078a99b99e5de5b093f94d4fd75ad58845fdd266b02f018fa46522b96e37da6cdccea7118e91e20f428303e5eead68c0ee052f48da356740147c74bddccac708e27dda384bd4950623e8abe51f417a744ccdbccaca84e43df7ff7172745ccdb1ab039e9bef7ff71c4bccdcc8aee7be8fbf15ab18830e7cc84460277a36f0cb5e24a6048bcd4cdcc0a6f08f007f4fd79adb80f18152f751bcc39e81b41adb89db019919999b56634700bfa7ebd56fc2062de368077a0fff06bc52c60ad78699b9995ce24e049f4fd7bad382462de56c35ac0cbe83ff8be3107d83262de666665359d34cf7779099818316febe30af41f7adf588a4f8e32338b692f6009fafebe6f5c1633695be144f41f76adf860cca4cdcc0c80f7a1efef6bc5fb62261d43de3633580fb80b18ab2e481f5f073ea52e84598f11c0aa3db15acf9fabf4fcbb957bfe1cc68a89aaf3093baf4178c40af02ae135db2b55b1246aa9cdea771670baba107dcc252c0d9c252e47ddf23400e804ae07765717a48f3f02fb1376fc336b8721c006c026c054c2c078bd9e7f9e0a8c8b74dd39c013c0e3844eeef19e7890b00db7ef016b9721c0b5c0deea82f4f1174299bac5e5289c8fa17fc4d33766117e5d99c5321ad883d0fe7f0afc933437be5ad853b69ff494750f7c86bac5b53a6140aa6efb7de3e4984997d154d23b2b7a11b05dc49cad9c260207135e2bdd40ba27a3d513cb089ba59c0d1c034cc9b09ecc00b621bd01f10260fd9849974907701dfa0fb56fe46ec287256928b02be10bff36d23d0025ab788c302038983057c1ac5547a36fd77de3cfe4eb157bb24e40ff61f68d1f45cdd88a6e15e0fd84132c537bb2d5ce98075c4238f9ad7772a25933ce45df9efbc6f151332e814984d9c8ea0fb23a6ec6bf5cac71e3098fc12f27cd75ccea584e78e571223e6fdd1a3782f4b60b7e0d981c33e9a2bb04fd87581dcfe30fd4ead709ec47383f3ccfeff2db1d8b80df016feda943b37aac0bbc88befd56c74551332eb0b7a1fff0aa63196166b3d96026039f23ac1251b7dbbcc7e3c067094f03cd06b337e16992badd56c78151332ea031a4d7797e2e66c25608bb02bf27bd0ea808b18cf0246597ba3f0d2bab2fa16fafd531132f896dc859e83fb4eab881b0f184595f9d8419ed37a26fa76589db09f32986d6f1f958f90c056e42df4eabe3ab51332e90cd0907eba83fb0de788db00f8159b5e1c04984d1bdba8d96351e259cc1317c90cfcaca671a616b5e751bed8d25c06651332e800ec2af6df587551def8d9ab1e5cd50c2d2d459e8dba623c4e38425577e2260d58e45df36abe3af786f80011d85fe43aa8e5fc54dd772640861c39147d0b74b47ed78883060f7ca01ebf55bf4edb23ade1d37ddfc5a097806fd07d41b4fe2cd492cd813b8037d9b74d417ff22bd43c34c6302693dad7b9a30c9ddfaf83afa0fa737ba089dbe95db3ac005147f7bdea2c6e5845312addc7623ad95395f8e9b6efe6c405a1ba5f8032ab751c07f1236a451b745476bb190b02c6c2456665f45df167b63111e98bece65e83f94deb8054f262ab3bdf07bfe22c6437823af321b4638ae5add0e7be3f771d3cd8fbdd07f18bdb104981e375d4bd478e03b84d73fea76e88813dd84573aab6065b405692d31df3b6ebae9eb244cd8517f10bdf185a8d95aaade063c8bbefd39da13cf00076165f465f4edaf37fe49c997051e83fe43e88d07f07bc2b21945f8d5ef497ee58c0bf08cecb21901dc87beedf5466997058e049e40ff0154088f7dbdc778b96c01dc8dbeed39b4f100b02d56263b91ceabbec729e9f1f267a0affcdef86ee45c2d1d1dc0e984f91eea76e7482316031fa7e48f634be687e8db5d6f7c2272aec95905988dbee22b84a71063e3a66b891847987dab6e738e34e322dc1794c538c2a63cea3657015ea5649bce7d037da5f7c6db22e76a69d898b4defd39d28c87f04aa0b238107d7beb8dff8c9c6b32d60216a0aff00af0cbc8b95a1a0e27ad93c11c69c75ce030ac0c52392b601eb046e45c93f03df4955d015e02568f9cabe97d16cff277341eddc0a7b1a25b1378057d7bab00df8e9cabdc14d2d9f2f703917335ada1c08fd1b73347bee33cc22e72565c1f46dfce2a842d82d7899cabd479e82bb902dc4938ded58a692c7015fa76e62846fc89b053a415d310d259127c76e45c65a601cbd05770059ff4576493807bd0b73147b1e26ec2fc252ba6b7a06f6315c256c55322e7fa6fed5cf7fa13e0fd6dbc5e7f2e264c0ab3e2994af8b5364d5c8e54bc00bc4878c7f90af032f05acfbf5b06cceff9e79558f1987b6560d59e588d304f66cd369537758f02fb10960e5bf15c4a1aabc27e0c7ca81d176ad700605dc2cda37e97b618d88cb0fb9215cb46842fff42bf43ab613e6179e35dc0bdc063c02c421b5f94d13546118e2f5d8f30b8da1cd8b2e7cfb26da5fb246110f088ba2096b90d08f7d27071399610eeb367c4e5c8cc0fd03f5aa910ce84b6e2d91c780e7dfb8a1ddd840eea5ce038c2a0a7b3f5ea6b5a27617f85e3084ff8eea71c2b2e9e23b4392b9eb3d0b7af0af03fb1136d9749845f22ea0a7d96f0a8d38a653a6149a7ba7dc58a97805f0147918f65ab6b100ef9fa0de19583bafe627e2ede30a878c601cfa36f5f0b29c8abb76fa3afcc0a706cec44aded36a498c7f83e4b389f6257f2bd5a6508b01b61ef8f223ea17996f0d8d88ae504f46dab42781a916b2b1376385257e4ad681f955af6a690ce699259c47cc232d93d28665b1d02ec05fc8c747602cd226611e63859717402b7a36f5b73c8f9f2d34fa3afc40ae1979415c724c2242c75bbca22ee20ccf8cdf58ddea0f1c04984fd38d4f59f453c0c4cccb4864c6d4ff4edaa4238b934974690c6e3d9ab63276a6d3596f0a5a96e57ad4437f047e0e08ceb268f76052e27ff9307efa15c83b832f813fa76f534fa55094df900facaeb06b68f9da8b5cd50e01af4edaad958467804be69d61553009b013f0796a3ff9c9a8d2b096dd48a6127f46daa425865932b1d842541ea8abb3476a2d656a92c276d34ba800b09cbf66c60eb11b643cdeb40e0dcecabc48452d852fc0172362fe860f495d60d6c1d3b516b9b33d1b7a966e22abc5cac195b00d7a1fffc9a89dcbeb7b53798411aafa7f68b9d689652b8717f173d4b6b97b791c64dd8483c00ec1fa3324ae660c2243bf5e7d948740107c6a80c93b8047d9bba2a7a9619d9147d67dd4578a768f9b72161ff7af50d586f2c004e43bfed75910c073e451a1b8ad51bb3f11e0145b125e13b45d99ebac9c92bc41fa2bff97e193d4b6b8731e4eb64bfbf11b6c6b538a691c6ccec7ae36eca77564251fd167d7bfa6ef42c5b341efdc63fcb08bf1a2dfffe17fd4d574fcc23ac7a69e7e99a65d541d837212f9b09fd2a4e35589b6d827e62ea5cc256c5c93a05fd0d775ef42cad1d3e82be2dd513b7e201a7c226a4b15b5b3dd196a35d2dba0bd0b7a58f46cfb2491dc043682b67397eef5604d349ff7d6f37e17449bfebd7194ed82f5d3de768b05888e72415c1c6e8e7023c40a24f1adf8cfe46bb287a9616db08d2df22760e7068ac0ab0861d449874a76e1703c53dc0c85815606df307f46d69f7e859362185f7b53b45cfd262fb6ff4ed68a07800efe497a20d497fc2e837a3656fedb21bfa7694dc24f7d58125682be5c6e8595a6c6f21edc7b997032b45cbde5a359670f687ba9df4175dc0ded1b2b776b9056d3b5a04ac1a3dcb067c12fdcde547b2f9361a780c7d3bea2fcec5fbbce7c110d2de32fa713c88ccbb23d0b7a353a36759a70ef43b753d42b8f12dbfbe8dfea6aa15ddc02722e66d719c49ba4f93fe2b62de16df10f43f561e889e659d5278277252f42c2da61dd0afb1ad155dc00911f3b6b84e443f6bbb562c07b68b98b7c5f751f4ed68c7e859d6e127682be115bcdb569e0d05ee407f33d5eaa48f8d98b7b5c7bb099b83a9db53dfb80b2f21cdb3d1c0cb68dbd08fa2673988d1842551ca4af872f42c2da633d077c67d63197078cca4adad8e20cd274c1f8f99b445f79f68dbcf6cc44b4bdf5ba350ed8cc5c0c4e8595a2c6ba21f40f68d2ee0a898499bc4d1a4f73a600eeebff26c4df41b961d193dcb015cdb4fa1da153f8f9fa245f453f49d70757413f6f4b762fa10e94d0c3c3b6ac616db2fd0b69f2be3a758db64f48fd5768d9ea5c53283f47e919d1935634bc167d1b7b3ea580e6c1d35638b6977b4ed6719a2a748a73651d82ce3fef8295a447f47dff956877f8995476a4f9eae8f9bae45d4013c88b6fd9c1c3dcb1a6e6db2b05945321b2158c30e46dfe956c73578939f3219065c87bedd55c77e5133b6984e43db766e889fe2ebad8ff65dda6260b5e8595a0c1dc0bfd077b8bdf100899fb16d518c47bf815975fc93444f79b341a9b7c2ef06d68d9e6595cf4448a291f875fc142d92c3d177b6bd318f70f4b095d326c05cf4edb037de1e375d8be842b46de7f4f829ae7077a424ea8dbde2a76811741236405177b415c2a8f988b8e95a0ebc0b7d5bec8d7b08f788e5cf5bd0b69ddbe2a7186cdaa684fa8b47f0a3b2bc7a37fa4eb637be1d3957cb8f940e0ff2a0349f3ad19f0fb041f42cd12fa339237e8a16492aeffeef054645ced5f26324faa79abdd1b65f729639f5abf1b6bc06b84d945c85b0e671adf8295a047ba3ef5c2b8409a45b46ced5f26773f4bbbaf5c69e7153b54826024bd1b59b9b6227b80edad9ff97c44ed0a2b9127dc75ac1cb47ad7fa7a36f9f15e0f2d8895a3497a16b375dc0a498c9a98f407c67cce42c9a4d48630bd65b0867799bd53284b01c4fdd4ebb81cd22e76a71a8cfc7f950cce4fe2c4c6c01b052cce42c9a73d177aa4b088f79cd06b215dac7b8bd714eec442d8ab1c04274ede6ba5889ad82f65ced0b632566518d03e6a3ef50bf183b512b8cafa16faff3085f26963f17a36b374b81093192522fe17a478ca42cba0fa1ef4c9f0246c74ed40a6334f004fa767b62ec442d8a77a26d375196925e204c681e5eb69557b7a3ef483d77c41a7514fa76fbcfe8595a0ca3d13ef53c2feb843a81178409fd2aeb84ac2db643df89de84378eb2c675100e5951b7df6d62276a51fc165d9b798e8cfbbc370993a9e03db2f3eac7e83bd09da2676945b52bfaf6fbfde8595a0c87a16d3733b24ce68bc244e61076eab27c1906bc8cf626b8227a965674ea63835fc44755e7d148c27797aadd7c36cb646e1526f2f32c13b1b6d90f6dc7d94dc6a3602b25f5d3cf0ae1a019cb9f5fa26b33376695c4cac072612207669588b5d5cfd0769ade35d2b27205dab67c6efc142d82b7a16b33cb084bb05ba67c97311f3ffecfa3e1c02b683b4dbffbb7acec8eb62dbf4ab8a72c5f461136b053b59b83062b603d674fbfb98eff4c2c7f211cde62f9b22f61e328959b809b85d7b762f91be135a8caca84c3b42c5f1611da8eca3e83fd07ea19000cfa3f12d1d5c26b5bf30e165fffbfc4d7b7e251b7a9417fcd5992ae115ebbe541e3da681f7d4d6b35019350eea2360b1ff863d91b023c89ae5dcf8c9fa245b011ba36d34d38a2b85f833d01d8ab8144b3f630f098f0fad69ce9c0bac2ebff94702ca65996ba88b0c35a03d60336165edf9aa3fc1eeb6090eff0c10600bb67579686f9f17f3eed2fbc761770bef0fa566ceac1e57ec26b5bf394af01761be85f0e3600d835c382344a5969d63c65277515e1e01fb3189e22e271ab75500eaead79c90e0006b23ae11d82e2ddc5427cf84f1e8d20cc7c55bdf33a327e8a5672ef41d7be17e0e5807934065dbfd8c5002bb2067a02b02bba4354ae275498e5cb76e8f66d58085c29bab695c7a5842f6285d1f870a03c5a00fc5d74ed4e60e781fe657f9a7e7490013ffecfa75d84d7be0c5dc76ce5b1006dffa47c2d6bcd4bf235c040030065677eadf0dad6bc7e479a6d7091f0da562e170aafadec97ad79b91a348e20ecc0a77867f17c53299a5a07e1e432459b59028c8d9fa21910f6585f8aa6adbf88eed5ac354fd93f2ea29fb923fd3d01d88a300850c8ec14236bab698489a30a3700f344d7b6f2998b6eabe9d581f545d7b6e655085b942b8c04b6a8f52ffa1b00bc295e59067583f0dad63ce5e424ef1961eda67ca4bb95f0dad63ce58fdb1d6afd657f0380ed22166430aa5192b56673e1b53d67c4da4d3900d852786d6b9e7200b07d23ffe107d1bcab5888d7b9e6d51fd0b49957a9ef502bb32c7502afa169f317b7213fcb9e729f947b6b15a856c7390ed8b0c5449b752b61728de54fcd774c6d703361c32ab376ea06fe21bab6ea5eb3d62c016e135d7b536a4c94ae3500d8ba9fbf6f074f00cca7b184c34a14dc664c45d5f6a6117697b3fc51b5994e6abc3aaaf545af9c60e2f7fff9b421baa549aad9d866aafeaa13d840746d6b8df207cbd67dffa2bf27000a15dc99e795ead73fc0ddc26b5bb9dd29bcf654e1b5ad7937a27b65f9861ff7290d00ee234ce8b2fc992abaee53c02ba26b9bbd023c27bab672d06dcd7b15784874ed4107004381cdda539637f0affffc9a2abaee3da2eb9af5523d81f20020bf54af8e36078654ff45df01c026e84e73bb4b745d6bdd54d1756b2e6d316b23551bf40020bf54df75a3e9b3a62e51f00000200049444154c2afef00607afbcaf2067e979b5f5344d79d29baae592f551b54dd73d63ae593cbd77dc7f71d00a81eff57f0e3dc3c5b4374dd59a2eb9af59a25baaeeadc0d6b9df2c7eea6d5ff4fdf01c0a6683c41d855cbf2a703584574edc745d735eba56a83abe25301f3ea55e069d1b5071c006cd2c68254f3bbdcfc1a070c135dfb49d175cd7a3d21baee707c04769ea99e78f73b0018826e0b60e57a5a6bcd6aa2ebce05168bae6dd66b21b04074ed5545d7b5d6a95e036c4cd5f77ef500607d742b00fcfe3fbf549dd0cba2eb9af5a56a8b1e00e497ea3b6f34b06eefff533d00d8a8fd65f9370f00f26b9ce8bade00c852a11a008c175dd75aa79c08b871ef3ff47d02a0b0187844746d6b9deaf8660f002c15aab63842745d6bdd83e84ebefdf7777df500609aa02010b6005e2ebab6b54ed5092d125dd7ac2f555b540dbead75cb800744d74e6a00e01500f9a6ea8454a367b3be9688aeeb2700f9a6faeefbf7777d0a0380c744d7b56ca83a2155a76bd6976a30ea2700f9a6faee7bc313800e74fbb97b33977c53ed01b04c745db3befc04c09aa1faee7bc31380b580519ab2783bd79ceb125dd7bba0592a6a1dabde0eaa7bcfb2a11a00ac44cf56d2bd0d771d5141c04f00f24ef5ebc78f3f2d15aa5fe2de082bdf6609afbd36ac1800ac2d2ac412e039d1b52d1baa4ec803004b8557c258339e46f72a731dd00f009e00ba45d7b66c78006065a76a8b7e02906f5dc053a26bbfee09c06451216689ae6bd951fd0af14128968a9544d7f50020ff54afc0937802e0f7fff9a79a03a03a84c8acafd545d7f52b80fc9b25baae9f005826549d900f42b154ac22baae9f00e49fea47f0eb06006b8a0a314b745dcbce1cd175fd04c052a16a8baa7bcfb2a31a00ac012b06006b880a314b745dcbcef3a2eb8e042688ae6dd66b1574930055f79e656796e8baff1e000c47d7913e23baae656711ba5f225344d735ebb59ee8bab3f12b8022785674dd5580a19d8491806a57351fe95a0caabd1c549daf59afa9a2eb7aff9462507d077602abf60e001416010b45d7b66ca93aa3a9a2eb9af5520d423d00288679e85652add1896e028b7ffd1787aa33da50745db35e1b88aeebf7ffc5a1fa2e5cbd13dd72aa9745d7b5eca906005b88ae6bd66b4bd17555ef8e2d7baa01c0aa9dc078d1c5fd04a03854db596e814f05349d0e60bae8da4f8bae6bd953fd181edf896e05809f0014c783a2eb4e00d6155ddb6c3d609ce8da0f88ae6bd953fd189ed089ae01fb094071dc2fbcf636c26b5bb96d2dbcb60700c5217d02b0b2e8e27e02501c4f1366b32aec22baaed9aea2ebcec57ba81489f40980e70058ab2ae85e037800602aaab6773fe19eb362900e0054c7aa7a00502caad700db12b605366ba7d1e85e3ff9f17fb1a89e868feb0446892e3e5b745d8b43d5298d0076125ddbca6b176098e8daca3937963dd577e1a84ec2485641b5fb91c571b7f0dafb09af6de5a46c73ca7bcdb2a73ad361b4070096959b816ed1b5f7175dd7ca4bd5e6ba815b44d7b638968aae3b4af90ac0038062790ddd6b802df07e00d63eeb009b8aae7d0fbad3372d8e520e009689ae6bf1dc28bcf6c1c26b5bb91c2abcf6cdc26b5b1caa1fc3a3fd04c0b27493f0da470aaf6de5a26c6bca7bcce2507d178eea443793d50380e2513e01d815982cbcbe95c33ac0cec2eb2bef318b43f50a606827d029bab85f0114cfa3c08ba26b7702ef105ddbcae3087407503d0fcc145ddbe251fd181ed2090c115ddc4f008ae97ae1b58f175edbcae138e1b5ff22bcb6c5237d02305474710f008ae94ae1b5b706b6135edf8a6d47c28a1395cb85d7b678540300e9130055d216d7954097f0fa1f105edb8a4dd9b6ba806b85d7b77864af00206c2c5111846ae061f1dd88a64d550827a5a98eb8b6e21a4f38f152d5aeff163f45131982a64d75a92600826ed7388b4ff91a602c7e0a60d9fb20b092f0fa5708af6d71494f765c8e66f4a19a7b60f16d89ee975205780addf2562b9e61c09368dbf466d1b334956168dad4d24ec20040c10380e2ba9bd061aaac8d3706b2ecbc9bb0fe5f65263e01b0c854df855d9de8266c790e40b1fd567cfd33d0ed7161c53184d09694d4f792c5a5fa2eec02ddc496b1f1f333a1e9681f9956807746cfd28aee28f4ed787af42c4d69029a76f51a3dff4771f10959d49c25ed5f683bce87f0ab266bde10e041b46df8d6e8599adaaa68dad62b9de8b6e41d21baaeb5cf05e2eb6f04bc575c06cbaf63818dc565f885f8fa16df70d17597836e76eb7af1f333b135081b3e297f413d0d8c899da815ce4ac03368dbee3260cdd8899adc0668dad7e39dc0a2362458cb68d175ad7d5e04ae13976132fa495c963f9f012689cb7015f082b80c169feabb705127b0507471ff2a2b87f3d405004e03a6a80b61b9b13e708aba10c0cfd405b0b6900e00fc04c062ba14fd11a6a3801f88cb60f9f16d60a4b80cb3f0e13f65a1fa31bcd003008bad8b34be7c0f249ce56e3690f7006f531702f81fb4876a59fb94f21580f701288f9f12f69b50fb2eb08aba1096ac5509bffed5e6e2c7ff65a23a63625127a1b129ac2cbaaeb5df1cd2e8d026127e5999d5f25dc2ca15b5f3d0f5cbd67eaaefc2b99df4ec0624e00140b9a4f248f368c2deee66d58e203cfe57eb02bea72e84b595eaa9e4ec4ec2af33050f00cae571d299d4f443605d75212c19eb01e7aa0bd1e30fe827cd5a7ba976c59de30180b5d317091b50a84d20ecb0e66d826d18f04b60bcba204037f0257521aced54df851e00585bdd095cac2e448fdd81afab0b6172df02765617a2c7ef0847695bb9ac2abaee6c8077a1d986f0faf8f959823623ec41addc62b537ba8123e3a66b097b0ffa36d81bcb814de3a66b89fa1b9a36777827f06a1b12ac65a2e8baa6753ff01b75217a741096286ea12e88b5dd56c039ea4254f935f080ba1026a13aefe15580add18c3e66c7cfcf12b501fa4382aae36960eda8195b4a26014fa06f77d5bffe378a9ab1a56c2e9a76b739849b41d5f0d5db6d9ace39e83bdeeab81ddd861cd63e63813bd0b7b7ea48e94984b5d76874ed6e4d08b360bb450598da72f5595ead49d88342ddf956c71584fbc18a69187035fa76561db3f191bf65b63e9a76d7050ce92dc42ba242ecd862e559be9d82be03ee1b1751756358610c21cc3d51b7afbe7172cca42d79bba069772f5617e20151210e6ba5e62cf78612963da93be1bef113c204412b860ec2f6baea76d537eec27b5194dde168dade7d009d3d8578dd68a08dbc1b5bb92d27fc02aaa80bd2c7fb09dbb17a10907f1dc0f781e3d505e9a3027c84700f58794d115df705583100785a54080f00ecafc0ffaa0b51c387f16e81793784f034e72475416af825f07775214c4e3500781af4030055f29696d3d0ed483990f7123a6a4f0ccc9fe18481e5fbd405a9e135e00c75212c09aa1fc11e0058329e054e5517a21fef042e232c1fb37c184758d171b8ba20fdf818f09cba109604e913805e87a19988a09a7b6069ba18fdc4acfee21efcca2a0f2691de3affeaf843bcd42d8766a36987075517627b51212af89795ad301178097d27dd5f3c056c132d7b6bd50ce019f4eda4bf781158235af696372ba36b8bafebc7d612166446f3f567057404fa8e7aa058081c132d7b6bd6f1c022f4ed63a0f0b267abb603bab6b85a75413a081d9ba220ef6abefeaca07e8dbeb31e2cce264c3433ad11c077d0b787c1e282581560b975349ab638b75661ee1315e63f9aa9392bb49581c7d177da83c52dc08691eac006b731701bfa7630583c064c885407965f5f44d31eefec2d40ef2a00809951521cdc06a2eb5aba660387101ee9a66c07c26e6e1f5317a4848e217cf9a7fe0a7131e1b5d66bea8258725427403e56eb2fbf8dee5794592d27a0fff5566f5c4c98c46871ad055c82fef3ae3752db81d0d2a17a7af5cd5a8539b9c9ffb156630ede72d5faf753f49d78bd311b3811b7e7183a08bffa5f46ff39d71b6747a9092b824e603e9a76f9ff6a15e80051612a784320ebdf28d25ed75d2bfe0c6c16a3324a6a73e02fe83fd746e236606484bab0629886ae6dee5bab401b080bf4ba4d09ccfa9886eec8ea666319f05d609508f55116ab023f20d4a5faf36c245e02a6665f1d562087a06b9f536b156808ba75b467365c7d5636bb91fe3aef5af132700afe35d88851c0c7c9dfa0af42584ebd73f6556205f33934ed7301af9ffcff3aaab3d97fd960e559391d0174a1efe49b89170807c07820d0bfe18439144fa3ffbc9a892ee01d99d78a15d16fd1b4d1db072ad4ff8a0a7557233567a5f609f41d7d2b318bb06c70a58ceb25cfc6120e837a12fde7d34a9c9275c55861a9f6dd19f0c7f6e745855a8a7f1959fdbe8bbeb36f355e05be4638bca6ac26035f4777204a96f13f19d78d15d76860399a76fa99810a76a4a85015c2a62a66f51802fc1e7da79f452c239c1077604f5e45378430e9f752f237b9afbfb88801deab9af5b133bab63ae07914d385053ba9fefa3363047025face3fcb788af05460eb0ceb2915db02df20bfeff7fb8bcbf19910d618d59e3b15c2f6d9fd1a8a6ea6f579f5d79f1910060157a1ff1288110f015f263c19cbe3afcb4ee04dc0578087d1d7678cb882d006cd1a713e9af6ba803a9e32fe5354384f04b4668c04ae41ff6510335e244cde390a58279b6a8b625dc20967bf22ac8557d75bccb80a7ff95b73ee41d366ff514fe17e222adc32c2e408b3468d02ae43ffa5d0ae78927064f247805d81f1ad5761c32610f6663819f80de1f585ba5eda1557e349cbd69c31e82600be616beaa1350aa8fa253e14d81ef8abe8fa965f8b80b71326d3d5dce6b260d601dedd13bd661196163ddaf3cf8ff7fcf92261439da50d5e63386127be3580f508bb87ad47d831743ae5ddbefb6ac244aac5ea82582eed806eb2ef1bbedb6b0d00eeacf177edb2331e005873160107130e0f3a4a5c1685a90cbcfdec3cc2ae847309bf4096f7fc1d8475f8437b623ce18b7f6ca472e6d90584132a97a90b62b9b58bf0da75fdb81f876eb7b52b5a4ed1caae03380bfd636247b1e26bf894476bddd568da6f170d0ceaef1715f255f239e3d9d27332f9dd36d8914e7403a761d6ba4ee03534edf89efe0a54cbadad64d9829519649da2599dbe071c8edfd55af39610e659fc97ba2056089ba399b00b704badbfec6f00f0cf880519ccaec26b5bb15c02ec033ca72e88e5ceb3c09b0987b6986541f9dd765badbf4ced0900c09ec26b5bf1dc086c055caf2e88e5c68dc076c04dea8258a1ec25bc76cd2700fd194e7874aa7857f13c9e6c63d91b4a387846fd4ed991769c8db7f6b5ec75a0db1c6b1130acd102ff4354d80ab059a38535abd371e8b6bb76a41b0b8163308b632b746dfb86fe0a35d08cfb7eff4b6df066e1b5add8ce27acc57d505c0e4bc78384367181ba205658cac7ffb91b00282bcb8aef5fac389dae5b5c16d3a900e710def7df212e8b159bf247eddf9bf92fad46e81c158f2c66537b9742b3acbd85e21d51eb183c9e070ec22cbe61e8d6ff7701ab345b70d5864015b45b265ab94c209cb6a7fe5272b4272e22fcc0316b87bdd0b5f501b7ff1d6cd7bda61e1d64647fe1b5ad5c960337b3626f7c2bae798425a1de20cada653fe1b55b7a957f14ba91cbedad14dcac0e5309bbbccd46ffabd4d1de980d7c93810f5032cbc2dde8daf9bb5a29f86461c1bb8189ad14deac1fbb0317a33b97db914e2c27bc12d80db3ecad8dae6d77036bb69a80721ec0b1ad16deacca018447fdea2f1d479a71137ef568d9fa00baf67cf76085abe7e4bdffab27cb48de2ebcb61543077030612bcc2b811db5c5b184ed045c05dc091c817724b5d629bfc3fe94c5ffc8a1e846300b80d1592461a5d349f8e2bf0dfd2f4b473ee31ec2ee8043306bdc4a68771d3d308b2426a07d57eaa700d6a87d089bfda8bf401cc588fb084f04cc1a7104ba36bb0c18975522b70813f959564958e16d07fc19fd1786a398f147c20e9266f5f805bab69ae94ebe5f1026f232de15d006b62ee114b72ef45f128e6247377021300db3fe0d035e45d74e3f9365323b0813a9007b67998c15c658c23afe25e8bf181ce58ac584b32456c2ec8df645db3eb7c932994ec2ded9aa64cec932192b84838127d07f1138ca1dcfe06384ed8dce43d7269f25c20a969f0b137a15189e7542964b1b01d7a2eff81d8eeab81e988e59f8ae7a055d5bfc69bd05ad671f805e5735f09fcddacaf83540d98d01ce02ee253c5e334bc99e849527df20b4552bafb7d2c2097c19b83ac6ffe8ca84a505aa51cdf93192b25c78333013fdaf3c87a39e788c3020b072529e2cba14181f2bb13f09137b0d18192b314bd238e0478499d7ea4edde16824ba811f1226aa5a798c02e6a26b77d73652d8465e0100fca1c1ff7c96c613267e5939ec4bd889edffe12d592d7f3a800f11daf05bc465b1f63914eda0eff731ffc7d746fb6bec8a98c95912c6023fc1bffa1dc5896ec24a262f192cbe6bd0b5b32e60add809de2a4c70593b12349919c0c3e83b6c872346ccc4875115d924b4dbe637bcfb5f333bec5d026cdfc47f2f0b4381f700df125ddfe2e8004e03be82977b366b09f034f01c30bb462c261caeb5b4e73fbfb0e7bf03308215876e0d27cc621f4998f8db372601937bfe3bd698f580bf029f02be4de8b4ad388e467b7054c3afe89b79b7ba09f04013ffbdacdc036c29bcbe656b22618f092fed1bdcd3c0833df1306123a4a7099bd1bcd0e6b2ac497825381998026c4ce81b36e9f93b1bd835c071b4ff73b378ee0336135e7f1ae129537477a27d94b643fc14ad0dde4ae800d58f66538b45c03f80ef03c7139eb86576b2571b8c2394f97d841cfe81f658d454e379c2c995967f3ba26d4bb7c64f7185332325516f9c1f3d438ba903f8343ebca73766124ebd3c01d89a709048d10c23e47602e1fe7d1c7dbda710cb8133f04a97bc536efd5b013e113fc515d6433b4b7b11b05af42c2d86b184a52aea8e57198f133a8c6308271996d514e058c2e06716facf4519bfc3ab04f26a3c617e8daaed7401eb44cfb28f9b3328782bf1c9f8295ac636226ce5abee6cdb1dcb81db08c76acfc0bff6fab33ef031e08f84c98aeacfadddf120b069cbb568edf611b4ede66ff1537ca3539a2c6c56f1188d6f64643a870073d077b2ed8a4584271def45bb2f785ead0a1c455875b418fde7d9ae780d6f78963777a16d331f8e9fe21ba9d73c568003a3676959f824e5d8d86739612bcee388b81f77094d204c86bc167d9fd38ee8a2cdef74ad693ba36d2bcb082b722494bb1e55802be3a7682d184ad8cb5fdda1c68e7b088faed7c8a6da6c006b10eafa1ef49f7becf801da75e536b8dfa06d23d2dd71dfdd4fa1da15ddc086d1b3b466ac045c8ebe138d158b800bf1322ea519c0d9c03cf4ed21565c4bbe968096c924f473550e8f9ee5004611de59292be0ace8595aa32611ce4657779e31e241c20145ee94d3310e380978087dfb8811b713ee294bcb97d1b68b57496047ce73d056c2cbf898e0944c079e44df69661dff071c84279ea6ac933081ee7af4ed25eb7802ed2e73f67a23d06f62f6c3e859d66157f437c7b1d1b3b47a6c4f1890a9db4356b11cf825b04d9695646db12df02b8a3569f02560bb2c2bc99a761cfaf690c4c1521de81fbddd83d756abed05cc457f536411cb08e713787e49fe6d045c4071060273803d32ad216b5427fafd4cee8b9e65034e477f63bc2d7a96d69f8308a7cba9db40abd14598d8b771b6d56309588f30617019fa76d66a2c060ecdb67aac0187a26f03a744cfb201aba3dface31fd1b3b45ade45313ad58bf02ffe32d898626c45bd143822e3bab1fadc8af6b35f44d8282b29eaf5901560efe8595ab5c3c9ff97ff3f81ddb3ae184bde8ec00de8db5f2bb19cb014dbda675ff49ffb2fa267d984bdd057cc9fa36769bd8e24df5ffe8f139e5e78ee48797510be4067a16f8fcdc652e0b08cebc5fa773dfacf3cd91f2cf7a3af9c9da36769ef40bf01462b1de677f0c96bb6c228c2414dead798cdc672c260d6e2da11fd67fd0009ff68511f1054012e8d9e65b91d427ebffcff8427f859ff3621ecf7a06ea7cdc4527c88506c57a0ff9c3f1a3dcb168c47bf2d6737b045ec444beacd840928ea9ba0d1780e784f84fab0e2e9209c42a8dee4a5995848c28f87736e6bf4079acd21073b907e1ffd8df0abe85996cff6e4739dff85c06a11eac38a6d0261d9a0bafd36f3253123427d94dd6fd17fb6ff133dcb0c6c48584fadaca8e57849579636049e477f0334122f223e28c30ae108c20e7ceaf6dc48bc44789d61d9d800fd4652dd844dad72e15af437c1f9b1932c897580a7d07f9e8dc4c5f8685ecbce9ac025e8db7523310b1f2094955fa0ff3ca5c7fe36ea40f415b61ccf0568d558e02ef49f65bdb10038214a4d98c107c9d78e97ffc2ab5d5ab535fa27da15c2fe03b9d141d8ab585d6957c64eb4c0860097a1ff0ceb8d07802da3d484d90a9b0277a36feff5c655c0d02835510e293ccdbe9b8497fef5e7fde82bae4298b96e8d4b613267bd710130264e3598bdc128c25e12ea765f6f9c13a71a0a6f4ff49f5d05383a729e518c009e455f79b790c3d193d869e83fb77a622161c99699c2b1e46759eca991eaa0a83a80dbd07f6e4f01c322e71acd99e82bb0820fcd68c4bee867bcd6134f033b44aa03b37a6d433eb612ee020e88530585f46ef49f5905f878ec44631a07bc86be121f038647ceb508360466a3ffbc068b1b808991eac0ac51ab918f1d045f252c69b3810d071e45ff79cd216cae976bdf425f9115e0a4d889e6dc58d298b83958fc180fe62c3dc3c9c7c641f7e0950183f928facfa9027c3d76a2ed30913496cebc480eb65114e9007e87fe331a28ba0907b698a5ec63a4b16c6ca0b804cf8beacf58d2d8f46c0105dacbe47be82bb4027c3e76a239f529f49fcd40b1189f7666f9f11ed23f59f093d1b2cfb72fa3ff6c2ac07fc74eb49dd60196a0afd479c0e4c8b9e6cd6ec032f49f4d7ff12a3ee0c4f2674fd29e4fb3141f9dded7bac07cf49fcd220ab88b632aefc72e8c9d688eac46dadbfc3e4dd878c52c8fa693c652e8fee24960d568d9e7cfefd17f2615c21e2c85338574ce91f77298f00ef052f49f457f310bcf58b6fc9b4a5885a4be9ffa8b2bf17c0080b7a2ff2c2a84efc82991739539177d05578087819191734ddde9e83f87fee221c26b23b32298023c82febeea2f72bdd63c03a3486790f6c3c8b94aad4b3a9363fe2372ae29db9a34e664d48afb29e0fb2f2bbd89a47b86c06260ab78a927ef4be83f830ae1ddffda9173954b650fed45c0b4c8b9a66824612db0bafe6bc53d8479096645b4066180abbecf6ac55d84eddbcb6643d2f951faadc8b9266175602efacaae00d744ce3545ff8dbede6bc523c05a11f3364bc19ac083e8efb75a7156c4bc537515fa7aaf1056a81566ddff60be86bec27be3b0c8b9a66437d2dca4e449c26429b3325807781cfd7dd737ba08cb17cbe29de8ebbc37be1439d7a4ac4c58dfadaef4de2f9f326c8d3996340f2d791a583f5eda6649da10780efdfdd73766528ea3b5c712fa1e757d578057800971d34d4f4a47ce96e1d1572a732faae35560b398499b256c0bd2382cad6f146a17ba7ea4f42ab49447350f279da517cb28f6d1b26f22bd237e97007bc74cda2c07f6209d4968bdd145b177099c413a7bd2cca49c932f01782ffa0fa0371e20ac072d9ae1c0bde8ebb73aba81a363266d9623ef22dc13eafbb23aeea698a76e8e24adfef0c8b8e9a6ad13b80dfd87d01bdf8c9baec4e7d1d76bdff0412466aff769f4f765dff85cd48c35527af4ff0fbc0b237ba1ff207aa30bd8356eba6db501e93d5e3c3b6ac666f9f513f4f76775146daf943d486b15d46e71d3cd8f4bd07f18bd31933043b408ae405f9fd57123c57cac68968561c0dfd0dfa7d57159d48cdb670c696dc7ec43e9aaac4f186daa3f94def841dc74dbe2ede8ebb13a9ec55bfc9a0d6622e92c4feb8d83a266dc1ea99c465b0116e27d4fdee02be83f98dee806f68b9b6e54a3084f32d4f5d81b8b28f62a0bb32ced485aafee1e25df87a7bd85b426597e216ab6393586b4cea67f12181f35e3783e8fbefeaae3d8b8e99a15ce07d0dfb7d5f1d9b8e9463381b49ea83c018c8e9a718ebd07fd07541de747cd368e49c07cf475d71b3f8d9bae5961fd02fdfddb1bf3c8e7591d29d5610538226ebaf9d601fc15fd87541d8746cd387be7a2afb3deb89f726c2b6a16c358e061f4f7716ffc386eba993b1c7d9d55c7ffc54db718a693ce2e4d156036f9d9ab7e53c2ae86ea3aab10de616e1d375db3c2db927426482f27f4cf79308db4b6595e42e89fad0e299d165801fe493eb66bbc127d5df5c6499173352b8b53d0dfcfbdf187c8b9666104696d305701be1c35e382194d7ac7657e3f6ac6addb137d1df54651d60e9ba5a003b81afd7ddd1ba96f60f323f475541d8f51cc6de6a3da0ffd07d737de1b35e3d6a432776236303972ae66653389748e504ff95df691e8eba76f1c1835e302bb18fd87571d7308e778a7661ff475d31b290f92ccf2ec38f4f7776fec1935d3e66c0ccc455f37d5e11dff5a30917446bdbd7137e93dce4965fbd04b63276a5672a96c9b7e43ec441b3412b8037dbd54c72bc09a31932e83f7a1ff20fbc63951336eccbee8eba302bc841bbb596c29bd0ad82b72ae8d380f7d7df48d63a3665c121dc075e83fccbe7154cca41b7013fabaa800c7c74ed4cc00f820fafbbd4298779482e3d0d745dfb82666c2653395b01395fa43ad8e79e8d7c4ee8ebe1e2a84c781a53fd7daac4d3a0967c9abeffb0ab053e45c07b325b0007d3d54c75c604acca4cbe864f41f6cdf9809ac1e33e9415cde4fb9da19cb0837a199b5cf36848d79d4f7ff25b1131dc09ac0ac1a6552c78723e65c5a9d84e527ea0fb76fdc806693a04d81ae26ca9b757c2b76a26656d377d1dfffddc066b113ad6124e9bcfeac8ebf11beab2c82a984a578ea0fb96f9c1f2fe57efdacc9b26619cf10f62b37b3f61b073c87be1f383776a27d7490de213f15c2d6c35322e66da4b92aa0029c1933e93e2611f69656e7fcbed8899ad9804e44df0f2c262cd96e97cf44caa3d5383666d2b6426a1b0455088fe30f899974952fb529a781e22e6048ec44cd6c4043807bd0f707ff113bd11e8791c6abcfbe918733120a6375e005f41f7adf58086c1f316f80618447efea5cf78d9ca799d5e740f4fdc1b384be29a66d80f909e4da375ec47ba0b4dd21e83ff85af124b056c4bcdf9d408ed746cccfcc1a97c204e92322e63709783a811cfb46377050c4bc6d003f44df006ac52dc4db2ef806716e5dc056917233b3e66c47f83252f60d7f8994db28c291ecea7ebd567c3752ce568751c0bde81b41adb888ecdf916f9d485e66969e4bd1f70f9b679cd310e0f709e4552bee222c173de6d700000eb1494441544734a1e98477efeac6502bce27db1df2be27cea71bfffa374bd5b6e89f02fc7786f974109618aafbf15ab108d822c35cad051f46df20fa8bef6494e370c2813bca5c7e9f512e6616c71568fb8817c86e32e059e25c068a1333cad132d041ba8f892ac02733c8f170710edd8459b86696aeedd1f777592c873e33813cfa8bdf66909f656c3cf028fac6d1df97e7092de6a71ed95fd662f9cdac3dae42db575cda62f94f44ff2aa3bf7808ef7e9aac6d08ef66d48da4562c07ded1645e6b110edd51967f8f26cb6e66edb537dabe6229cdaf8b3f82340e39aa150bf07bffe4a5b035667fb104d8af899c4e1597fbf626ca6c663a77a0ed334e6ea2cc7b13b61556f7d3fdc5714de46402e7a36f2cfdc502609706f3519ffdfdde06cb6b665ac7a1ed336e68b0bc6f02e689cb3c50b4fbc0236bc118c21a4d75a3e92f5ea6fe474953d1be0f7b86b002c1ccf26304f03cba7ea31b58a7ceb26e09bc222ceb60713bf13676b348d627ed46f51261639fc19c2e2ee7a7eb28a399a5e7f368fb8e8fd751c66dd02f6f1eac9f9e52471e96a0bdd14f9e1b2866131e7d0de47661f99611f75c03338b473d79f89641cab72de169a8ba1fee2f96e343cf724ffd0b7ab0980decd84fd9a78acbe68d7fccf2ed3274fd4737b06e3fe5da11784d58b67ae2d47a2ad8d2f71bf48d69a0980fec55a3dc1f1597eb807a2bd8cc92a43e35f5a41a65da0598232ed760f1ab7a2bd8d2371ab80d7da31a28e6017bf629f7b5c2f23c45f6871999597b0d059e45d78f5cdda73c7b127ef0a8fbdb81e2563ce9af70d6227ca9a91bd740b100784b4f795742bb26f64b4dd4b199a5e7abe8fa91c5acd8396f0fd25eea5721ac7a5abb893ab61c9841f8925537b2816211b03f7098b81c1b3659c76696964dd0f6258711fab4547769ed8df9f8bc93c23b0ce842dfd8068ac5c0bf84d7f7ce7f66c57227bafee45fa4bdc35f85f09df0f6a66bd772e5d3e81b5cca717af3556b6609729fe73ecfaafc007da34b31ba09cb0fcdac38d627dd13f6d4714e0bf56a393504f803fac6975adcd44aa59a59b2525f09a5882b082b254aa9535d00a12ee028c24d612bfc4e5d00338be242750112732b702461c73f2ba9d58087d18f445309cffe372ba6cdd0f72fa9c463c09aad55a715c546a47d2045bbe2e1562bd2cc9236137d3fa38e17810d5aadc82228f32b806a0f03fb10f6a62eb32bd50530b3a8ae5217406c2e614f8247d505b1f4ec49fa9b55c48cde5d08cdac980e40dfcfa86221613742b37ebd8db48f108e15f3811119d49f99a56b14e9ef861a2396133681331bd451a4bf5b60d6e1c7ff66e5a03c644c11ddc0f199d45cc1780e406dbfa47c6741ff5d5d00336b8bbfa90bd04615e064e067ea8258fe9c8a7ef4daaed839a33a33b3b4ed8ebebf69579c91519d59499d86be11c78e05c0f0ac2acccc923682724c76fe4c561566e5f645f48d3966fc29bbaa32b31cf80bfa7e27667c3eb39a3203be8abe51fb6631b32c7c097dbf132bbe9a613d99fd5b519f041c9065259959f2de86bedf8911dfc8b292ccfa3a037d23cf3a26665a436696bac9e8fb9dace3eb99d690593f3e89beb16715cf645c3766960fcfa1ef7fb28affc8b86ecc06f409f48d3e8bb83ceb8a31b35cb80a7dff93457c3aeb8a290b6f04d4bc6f011f2334c03cbb535d003393b85d5d801675031fc193fe9ae601406bbe4bd86272b9ba202d9884f700302b9be1847b3faf9603c7023f5017c4ec60c24953ea4761cdc6bdc0f699d78a99a5682be05fe8fb9d6663313ed8c712b3073007fdcdd16c2c23cca21d9975c598591246025f0096a2ef6f9a8d79c03e19d78b5926b6035e427f93b412f7013b665d316626b513703ffafea5957811d836eb8a31cbd246c063e86f96566239f04dc2d9e166965fa309139697a3ef575a8947800d32ae1bb32856056e447fd3b41a8fe15d02cdf2ea206026fa7ea4d5b8155823e3ba318b6a0c618dbdfae6c9222e07a6645b3d6616c964e002f4fd4616712d3036dbea316b8f21c08fd0df4459c402c204a21159569099656618616f92b9e8fb8b2ce2a7c0d04c6bc84ce04ca00bfd0d9545dc4b58f16066e9d893fc4ff2eb8d2ee0f44c6bc74cec30603efa9b2b8be8067e05ac9b690d9959a3a600bf21dc93ea7e218b980fbc3dd31a324bc456c013e86fb2ac6209f01d607c96956466831a43782597e70dc8fac633c08c0cebc82c399308b35ad5375b96f132e1dda3dfd799c5d5091c033c8ffebecf32ee00d6c9b09ecc92359af0d84e7dd3651df702fb65584f66b6c201848dbad4f779d6f14bbce78895d069e47f838e5a712d3e5bc02c2b6f02fe88febece3a9601a766584f66b9b307f002fa9b3146fc11bfd3336bd6e6c0851467825f75bc8cf7f43703c2bbaf7fa2bf296344376123a1ad33ab2db362db8cb0914f51960ef78d3b80f532ab2db302180dfc1cfdcd192bba08effa36ccaac2cc0a6623c2f2daa27ef157089bfbf87dbf593f4e0016a1bf5163c532c24060cbac2acc2ce7b6227cf12f437f7fc68a05c07119d59759a16d4d38fd4a7dd3c68e1b808333aa33b3bcd995f07aac88eff8abe3613ce0376bc878e062f4376f3be246e06d404726356796ae4ee010e066f4f75d3be2b7f8301fb3a69d44b176fb1a28ee038e074666527366e91809bc1f7800fd7dd68e58009c9849cd9995dca6c09de86fea76c56cc216c35333a83b33a549842d7b5f427f5fb52bee03b6c8a0eeccacc748c29762d1df17564717612f8183f1eb01cb975d096bf88b3cb1af565c4058d16466111c02bc88fe466f77dc077c08bf4fb4748d25bcb22bcab1bc8dc40bc041ad57a1990d660de012f437bd2216117e59ed839f0a581a66006703f3d0df1f8ab80a58abe55a34b3861c01bc8abe0350c593c0d7f1ae62d67e93813328c772ddfe620e9ee867263515b81e7d67a08c2ee03ae03d7897318b6734f05ec2bc9422efd6574ffc1f30a5b5ea34b32c74022753de4790d5310ff83561ae8497135aab460287128eef9e8fbe7dab632ef011429f636609994a388a57dd49a4120b083bad1d8367265bfd4610569e5c4078ccad6ec7a9c435f857bf59d23a089be994796e40ad788d70d8d221c098a66bd78a6a0ca16dfc9cd056d4ed35a5780538b6f9aa35b3765b0bb8087de791622c26fc9a391958bfd90ab6dc5b9fd006ae25b40975bb4c312e0426365bc166a6752030137d479272dc079c05ec010c6dae9a2d0786027b02dfa49c6bf51b89c780fd9baa65334bca28c276a4fe953378cc27ccf23e83b09bdbb0c6abdb123104984e58aa7621618b6975fb4a3d9612761cf56b32b382d90cf82bfa4e264f311bb814f818e148536f3e94ae4e602be014c267e62ffcc6e27a6093866bdd72cb9d59f97400ef223cf25e5b5c963c7a15b815b8a5eacf57a4252aafd5801d803755fdb9b2b444f9f424703ae1298995880700e535063813380daf976fd5a3ac1810dc0adc4d38c2d9b2338670c25cf597fd346989f26f11613ec437707b2d250f006c6de0abc0d1ea8214cc73c0ed840986f7f7fc792fb04459a81c1842586b3e9df0ca6a3a61affd8d7bfe9d65e30ae0a3c0e3ea82988e0700d66b0fc2af81edd50529b0c584c1c0038459d6337bfe7c8c3060289349846578d3aafedc94f0a5ef2752f1dc4278dcff7775414ccf0300abd63b3fe0ab845d05ad7d16b162503013788a70c4eab3c0f38401c26bb2d2356602611f8a89842ffa358175098736f57ed9fbcc86f69a097c9af09ebf222e8b25c20300ab65046183944fe34955295944180c3c0bbc481810cc21eccf5efde7ec9e7f5ec8ebdfedceaefae70584255f00c379fdb2afeacf7c0ce1cb7a3ce18b7d3c30aecf9f13085ff26bf5847fc1a7e355e02bc00f58f1799b011e00d8c0c60227110602e3c46531b3fa2d00be4f98e0377b90ffac959427d5d840960237023f213c369c8137c6314bd952e0a7c061c01f08f34ecccc5ab6367036a193516f5ae2703856c412e087c064cceae45700d68c75814f001fc093b9cc949602bf05be4898446a56370f00ac156b02a712260c8e1697c5ac4c96108e2efe12f08cb82c96531e005816d6243c11f8209e2c6816d31ce047c0b7092b41cc9ae6018065692cf03ec260601d7159cc8ae479c2fc9bff213ffb419859090d038e01ee413f39cae1c873dc4d38ced87b2b9859ae7400fb0157015de83b5387230fd145d8ab7f5ffc94d62272e3b276994658357022de5dd0ac9679c06f80ef10ce8c308bca03006bb771c071c087804db445314bc28384897de713b670366b0b0f004c6906e189c0517819a195cb12e032e01ce0cf8447ff666de50180a56055e058c22b023f15b0227b80f0a57f01e1a01e33190f002c3533082b08de03ac262e8b59165e032e277ce9fbd7be25c303004bd508c22ce8a38143f02144962f5dc0f5c02f808b78fdb1cc6649f000c0f260227004f04e6067dc6e2d4dddc04d84bdf97f07bca02d8ed9c0dc915adeac0dbc833020f060c052703fe10bff0260a6b82c667573e76979368d70eef9a1c09b804e6d71ac24ba817f009700bfc75ffa96531e005851ac061c407832b02f305c5b1c2b982ec297feef7ae2596d71cc5ae7018015d118e0cdc0418441c1dadae2584ebd04fc85b02def65f8101e2b180f00ace83a806d81fd7b620760a8b44496aae5845ff9d700570377e0257b56601e0058d98c017602f6e9896df17d506633813ff5c41ff1af7c2b11777c56761309af0b7685ffdfde1dbc441d447100ff905e0ac5883c1505812d9458e1b1fcd7bb64a728342c2252a8ec1281866286a01dde2ced860859f6dbcdef071e6fe07799cbee3c8699799670470e13feaf0ef10a4fb08cc772552fceb1140011c3aee0a12a081ea91d82f4621f4fdff0422df6cb788aad4e671431425200449c6c123df544f1a22a0e1ec82ec128da508bfcf316cf54d39d8838460a8088df378d05dcc3fd96e7a5a3e1bfb28735ac60b5c54bec7439a98871930220e2ef98c09c2a047ab8ab3a1bf6a43038ad3dbc69f1bae535bc53f7f223e20fa40088385b177013b7714bbd5e3898a7ba9bda48d8515bf7eb2df7c76ff15eaee1459c99140011dd9a550f155dc70d5c1b18cfb6b86afc7eab47f8a21ed3f98c8fd8c4277c68e3cdf63d223a306e7f2a11e7d1849f85403f5fc6cc2f795abd737051dd5c98526d94670c1f5abca4da2d0ffa6eb865ed21bee200bbd857a7ea775b6cb7efdb03e3fe82dfcfd9a68f18613f0054edd9a88a775c8b0000000049454e44ae426082, 'C. de las lomas blancas', 63486426, 1, 1);
INSERT INTO `usuarios` (`id`, `dni`, `nombre`, `apellidos`, `usuario`, `contraseña`, `foto`, `dirección`, `telefono`, `tipo_de_usuario`, `activo`) VALUES
(2, '7866984R', 'Zaira', 'López Sempere', 'zls', '1234', 0x89504e470d0a1a0a0000000d4948445200000200000002000806000000f478d4fa0000000473424954080808087c086488000000097048597300000b1300000b1301009a9c180000001974455874536f667477617265007777772e696e6b73636170652e6f72679bee3c1a0000200049444154789cecdd779c5d55bdfef1cf4c7a420a3d244002a1871e407a1144aa020236aa22fe445150106cd77a2d78bd5ebb802262bb2288f4a25e2c144190de2184de09e975e6fcfe5833e6309c993965aff3acbdf7f37ebdbe37dca0eef55d67ed75d6d97b950ecc2c75c380d57b622d600230bee7cfea7f1e0b8c0456eaf9ef4c0086f4fcfb6ae381ce3e7fd70dcce9f3777380e53d7f2e03e6038b81b93d7f370778ad4f3c0fbcd413cb9aced8cca2eb5017c0acc43a085fe8eb00937afe5c1b98dcf3cfab036b00aba80ad8a25781170983812781677ae2a99e3f9f069e9595ceace43c00308b6b08b01eb031b03e30ad27d6ef8991baa2256131301378ac277afff961e071a04b5734b362f300c02c1b43814d80e9c0a63db109e18b7f84b05c79b60478107808b81f7800b8afe7ff5f2e2c975921780060d6b871c0d6c0563db135b039fea26f97c58481c09dc05d557fce5516ca2c6f3c00301bd850c2aff819c02ec0ae845ff67d27d199de73c00dc08dc0edc06d84c18299d5e00180d9ebad4ef8a2df1dd819d806182e2d91356b0970077013f037c2c0e0656989cc12e2018095dd64606f6037c217ffa6dae2584415c29c821b80bf037fc6ab10acc43c00b0b25909d811d8a727b6c5f74199cd04fed4137f262c5d342b05777c56749dc0f6c001c0fe842ffc21d21259aaba087307ae06ae22cc21e89696c82c220f00ac8856213cd6df073888b0c98e59a35e06ae07ae002e07666b8b63962d0f00ac28d621fcc23f18782b612b5cb3ac7401ff007e075c4cd8c5d02cd73c00b03cdb1438b42766e0f66ced5121bc1eb8a4271ed416c7ac39ee302d6fd6257ce11f4198b56fa6763fe1c9c0af8047c46531ab9b070096079381238177013b88cb62d69f0a700bf05be042bcc4d012e70180a56a24e17dfe31c07e841df9ccf2a21bb819b880f0646081b638666fe40180a56606e14bff28f27b0cae59b5b9c0a584c1c09f094f0acce43c00b014ac0e1c077c00d8505b14b3a81e06ce05cec7db129b980700a634033811381a18252e8b593b2d253c1538073f1530110f00acddc603ef03fe1fb091b82c66297818f811f033608eb82c56221e0058bb6c087c84f0e5bf92b82c66299a0ffc1af81e70afb82c66662de924cce4bf8e302bbae27038068d6ee05ae040c23d6466961bc30933f9ef43df993a1c798e47808fe1393216815f015896c601c703a71336ef31b36cbc489827f05d7c64b165c40300cbc224c297fe09f8fdbe594cf308cb08ff0b784e5c16332bb17581ef000bd13f2a7538ca144b081b0b4dc3ac497e0260cd980a9c4a58c33f525b14b3525b06fc2ff0657c109199453405388fd0e9a87f01391c8e15b18cf06a605dcceae42700568fd5814f106623fb17bf59ba9612b619fe029e236083f000c006b20af051e0e3c0587159ccac7e0b091b0a7d03982d2e8b25ca0300ab6524e1d7fe99c00471596c85c58403645ee98997aafeb9faef97137e09f61e413b9ff08818567c1954fffb3184bd1b0056eef973182b5674f4fefba1c0aac06a3d7ff6c6ea7dfece4f89d2311bf81a6130b0585c164b8c070056ad93700cef97f1bbc4765b023c093c0eccaafa7316f02ce18b3d2f67ca8f210c042601eb11268d4eadfae729ac1870587b3c017c86b0d570455c164b840700d66b1fe02c601b75410a6c31703f700ff0182bbee81f27bcafed9695acbd3a098383a98441c17a84e56c9b03d38111b29215dfedc02781ff5317c4f43c00b00d80af0247a80b5230cf11b642be9fd0e9de4738e06589b250393094f0f4693ae1b8e8cd7afe7953dc5f65e90ae014c240d44aca375479ad447824782afec5d58a6ee001e066e04ee06ec22ffcd794852aa009c096c016c0d6c04e84c181fbb0e62d06fe9bf003202faf97ccac051d845ffb4fa05fbb9cc7580adc46d801f108c2bb6ed3184b7875f505e08f7847ca66e319c2e15d1e4c9915d8e6c0dfd17738798ae7808b094f4a7624cc8eb7340d237c461f077e0f3c8fbefde429fe4a78dd6266053286b01e7829fa4e26f558085c059c0c6cd44c655b5236262c69bd1a3f21a8279612960d8e6ea6b2cd2c2d07136699ab3b9694e331e06cc2237d9f66585ca308af0cbe4e788da36e7729c7d3c03b9aab6633539b0c5c82be234931161066417f189fa656661b001f01ae24b40975bb4c312e06d66ab682cdacbd3a8013083b80a93b8f94e235e0e7c08178a73a7ba391c041c02f8039e8db6b4a311b781f9e246896b4a9c075e83b8c54622170396186f398e6abd54a6604e1d5d905c05cf4ed3895f82bb0610bf56a66117412263acd47df49a863017021e1fde5a8562ad58c3019ee08e0223c89b002cc231c10d6d94aa59a5936d6238cccd51d833296027f00de857fe95b3c2b01ef062ec52b6afe4278e2686622c750ee47948f10368159a7c57a346bd444e00c421b54df07aa980b9c88e70698b5d59a845f21ea0e40114b088ff8f7c11d8fa56106611969595f115c4d38dcc9cc227b07e1ec77f54ddfeeb89fb01bdf6aad57a15914ab1176217c00fdfdd2ee780938a4f52a34b35a4603e7a0bfd1db198b094bf776cda0feccda6937c22a82c5e8efa376c60ff1e45bb34c4d279c32a7beb9db15af110edb999c45e59909ad4198a752a6a776f7035b65507766a5d641986453965dca1e232c67f44c7e2b9a118449bb65793db088702f7b9e8e591356a63c13fd6e040ec36b8badf88600870337a3bfefda111703e333a939b392d8167814fdcd1b33ba08bbf4ed92519d99e5cd0cc23c81e5e8efc798310bd8219b2a332bb69328f6c4a165c079848358cc2c6caf7b3ec51e082c023e90517d9915ce4ac06fd0dfa8b1a20bf825de4bdcac3f1b03bf26dc2beafb35565c80e7f898bdce06c03de86fce18d14d78d4bf7566b565566c9b11be288b3a10b80b583fb3da32cbb1fd8057d1df9431e28f84f79c66d6b8cd09bb5e76a3bf97b38e57807db3ab2ab37ce920ec255ec4f77e7f04b6cfaeaacc4aed4d84a768eafb3aeb584ee803bd54d04a650c6164afbe01b38e5bf1ae7d66b1ec0edc86fe3ecf3a7e43d8e9d4acf02651bc9bf859c286455ec76f1657076143a1e7d0dff759c69dc0ba19d6935972b6069e447fb365154b085bf68ecbb292cc6c5063085b0c2f42df0f6415cfe2578756508753ac2d7d2fc73379cdd4d621ac1850f70759c522e0dd99d690995007f0598a3393f74e60cf2c2bc8cc5ab637c53930ac1bf854b6d563d67ec3809fa1bfa1b2889708eff987645a4366969521c087084becd4fd4516f1136068a63564d6262b0157a2bf89b2880b81d5b3ad1e338b640d8af35ae03a3cc7c8726622c598e9ff0c7048c6756366ed7100f004fa7ea4d5b80b989c71dd9845b101f008fa9ba695e806ce06c6665c3766d65ea381af93ff6d8567029b645c376699da017819fdcdd24adc07ec9475c59899d42ec0fde8fb9756e22560bbac2bc62c0b7b0273d0df24cdc652c22f851119d78b99a5611861ebdd3c1f373e1f784bd61563d68a43c9f74d750b303df35a31b3146d41d8b65bddef341b8b80b7675e2b664d381a5886fea66826ba083bf90dcfbc56cc2c6543093b09e6f530b2e5c0fbb3ae14b3469c4a7e37f899850fee312bbbddc9ef4a816ee0a3d95789d9e04e477f03341b17022b675f25669643e3805fa0ef979a8dcf665f2566fd3b037da36f26e61076f33333ebeb086036fa7eaa99f87c84fa307b83bc7ef9ff039816a13eccac38a6007f43df5f35135f8f501f66fff635f48dbcd158067c0eefe16f66f5190a7c917c4e10fc5a84fa30e32be81b77a3f122e1943033b346ed0e3c87be1f6b34fe2b466558797d097da36e346e233cce33336bd664e066f4fd59a3f1850875612594c7d9fe67e3b5fd66968d1184fd42d4fd5aa3e1d501d6928fa36fc48dc462e08428356166657734b0107d3fd7487c2a4a4d58e19d8abef13612b3806d63548499598fedc8dfc641de2cc81a720cf9dae1ef7a608d28356166f67aab02d7a2eff7ea8d6ebc6db0d5e930f2b5fce56b78899f99b5d710e02cf4fd5fbdb10c1f2064837833e1a4297563adb7417f304e359899d5e578c251e2eafeb09e5802ec1ba71a2cef7600e6a26fa4f5c45c60ff38d56066d690bd81d7d0f78bf5c47c60e738d56079b509f032fac6594fcc02a647a90533b3e66c013c89be7fac275e02368a530d9637ab038fa06f94f5c49dc0da71aac1ccac256b11362053f793f5c44c60629c6ab0bc180bdc8ebe31d61357f794d7cc2c556380cbd0f797f5c46dc04a71aac152370cb8067d23ac27ce261cd0616696ba21c0f7d0f79bf5c455b86f2d9d0ee067e81bdf60d1059c12a90ecccc62fa04f9d84fe5dc58156069fa1cfa4637582c078e8b94bf99593bbc97b06459dd9f0e1667c6aa004bcb3b08bfacd50d6ea058021c1eab02ccccdae848d2df2ba01b7867ac0ab0346c4b5807aa6e6c03c562bc63959915cb01a47f90d042c27e3056409380a7d037b281623eb04fac0a303313da83f4375b7b162fb52e9c31c0bfd037ae816236b053ac0a30334bc02ea4bf6be06dc0e8581560edd501fc2ffa463550bc821f3d9959396c03bc88bedf1d282e267c7758ce7d1a7d631a289e236ca3696656169b024fa3ef7f078ad3a2656f6db13f69cff87f16d8305af66666e9da90d007aafbe1fe6239f09668d95b541b12deabab1b517ff1123ed4c7ccca6d63e079f4fd717ff10a302d5af616c54ac0bde81b4f7f319bb024d1ccacec6690f6c4c03bf1a4c05cb9007da3e92f1600bbc54bddcc2c777604e6a1ef9ffb8b5fc74bddb27412fac6d25f2c06de1a2f7533b3dc7a33b0087d3fdd5f9c102f75cbc256a4bbdbd452e0a078a99b99e5de5b093f94d4fd75ad58845fdd266b02f018fa46522b96e37da6cdccea7118e91e20f428303e5eead68c0ee052f48da356740147c74bddccac708e27dda384bd4950623e8abe51f417a744ccdbccaca84e43df7ff7172745ccdb1ab039e9bef7ff71c4bccdcc8aee7be8fbf15ab18830e7cc84460277a36f0cb5e24a6048bcd4cdcc0a6f08f007f4fd79adb80f18152f751bcc39e81b41adb89db019919999b56634700bfa7ebd56fc2062de368077a0fff06bc52c60ad78699b9995ce24e049f4fd7bad382462de56c35ac0cbe83ff8be3107d83262de666665359d34cf7779099818316febe30af41f7adf588a4f8e32338b692f6009fafebe6f5c1633695be144f41f76adf860cca4cdcc0c80f7a1efef6bc5fb62261d43de3633580fb80b18ab2e481f5f073ea52e84598f11c0aa3db15acf9fabf4fcbb957bfe1cc68a89aaf3093baf4178c40af02ae135db2b55b1246aa9cdea771670baba107dcc252c0d9c252e47ddf23400e804ae07765717a48f3f02fb1376fc336b8721c006c026c054c2c078bd9e7f9e0a8c8b74dd39c013c0e3844eeef19e7890b00db7ef016b9721c0b5c0deea82f4f1174299bac5e5289c8fa17fc4d33766117e5d99c5321ad883d0fe7f0afc933437be5ad853b69ff494750f7c86bac5b53a6140aa6efb7de3e4984997d154d23b2b7a11b05dc49cad9c260207135e2bdd40ba27a3d513cb089ba59c0d1c034cc9b09ecc00b621bd01f10260fd9849974907701dfa0fb56fe46ec287256928b02be10bff36d23d0025ab788c302038983057c1ac5547a36fd77de3cfe4eb157bb24e40ff61f68d1f45cdd88a6e15e0fd84132c537bb2d5ce98075c4238f9ad7772a25933ce45df9efbc6f151332e814984d9c8ea0fb23a6ec6bf5cac71e3098fc12f27cd75ccea584e78e571223e6fdd1a3782f4b60b7e0d981c33e9a2bb04fd87581dcfe30fd4ead709ec47383f3ccfeff2db1d8b80df016feda943b37aac0bbc88befd56c74551332eb0b7a1fff0aa63196166b3d96026039f23ac1251b7dbbcc7e3c067094f03cd06b337e16992badd56c78151332ea031a4d7797e2e66c25608bb02bf27bd0ea808b18cf0246597ba3f0d2bab2fa16fafd531132f896dc859e83fb4eab881b0f184595f9d8419ed37a26fa76589db09f32986d6f1f958f90c056e42df4eabe3ab51332e90cd0907eba83fb0de788db00f8159b5e1c04984d1bdba8d96351e259cc1317c90cfcaca671a616b5e751bed8d25c06651332e800ec2af6df587551def8d9ab1e5cd50c2d2d459e8dba623c4e38425577e2260d58e45df36abe3af786f80011d85fe43aa8e5fc54dd772640861c39147d0b74b47ed78883060f7ca01ebf55bf4edb23ade1d37ddfc5a097806fd07d41b4fe2cd492cd813b8037d9b74d417ff22bd43c34c6302693dad7b9a30c9ddfaf83afa0fa737ba089dbe95db3ac005147f7bdea2c6e5845312addc7623ad95395f8e9b6efe6c405a1ba5f8032ab751c07f1236a451b745476bb190b02c6c2456665f45df167b63111e98bece65e83f94deb8054f262ab3bdf07bfe22c6437823af321b4638ae5add0e7be3f771d3cd8fbdd07f18bdb104981e375d4bd478e03b84d73fea76e88813dd84573aab6065b405692d31df3b6ebae9eb244cd8517f10bdf185a8d95aaade063c8bbefd39da13cf00076165f465f4edaf37fe49c997051e83fe43e88d07f07bc2b21945f8d5ef497ee58c0bf08cecb21901dc87beedf5466997058e049e40ff0154088f7dbdc778b96c01dc8dbeed39b4f100b02d56263b91ceabbec729e9f1f267a0affcdef86ee45c2d1d1dc0e984f91eea76e7482316031fa7e48f634be687e8db5d6f7c2272aec95905988dbee22b84a71063e3a66b891847987dab6e738e34e322dc1794c538c2a63cea3657015ea5649bce7d037da5f7c6db22e76a69d898b4defd39d28c87f04aa0b238107d7beb8dff8c9c6b32d60216a0aff00af0cbc8b95a1a0e27ad93c11c69c75ce030ac0c52392b601eb046e45c93f03df4955d015e02568f9cabe97d16cff277341eddc0a7b1a25b1378057d7bab00df8e9cabdc14d2d9f2f703917335ada1c08fd1b73347bee33cc22e72565c1f46dfce2a842d82d7899cabd479e82bb902dc4938ded58a692c7015fa76e62846fc89b053a415d310d259127c76e45c65a601cbd05770059ff4576493807bd0b73147b1e26ec2fc252ba6b7a06f6315c256c55322e7fa6fed5cf7fa13e0fd6dbc5e7f2e264c0ab3e2994af8b5364d5c8e54bc00bc4878c7f90af032f05acfbf5b06cceff9e79558f1987b6560d59e588d304f66cd369537758f02fb10960e5bf15c4a1aabc27e0c7ca81d176ad700605dc2cda37e97b618d88cb0fb9215cb46842fff42bf43ab613e6179e35dc0bdc063c02c421b5f94d13546118e2f5d8f30b8da1cd8b2e7cfb26da5fb246110f088ba2096b90d08f7d27071399610eeb367c4e5c8cc0fd03f5aa910ce84b6e2d91c780e7dfb8a1ddd840eea5ce038c2a0a7b3f5ea6b5a27617f85e3084ff8eea71c2b2e9e23b4392b9eb3d0b7af0af03fb1136d9749845f22ea0a7d96f0a8d38a653a6149a7ba7dc58a97805f0147918f65ab6b100ef9fa0de19583bafe627e2ede30a878c601cfa36f5f0b29c8abb76fa3afcc0a706cec44aded36a498c7f83e4b389f6257f2bd5a6508b01b61ef8f223ea17996f0d8d88ae504f46dab42781a916b2b1376385257e4ad681f955af6a690ce699259c47cc232d93d28665b1d02ec05fc8c747602cd226611e63859717402b7a36f5b73c8f9f2d34fa3afc40ae1979415c724c2242c75bbca22ee20ccf8cdf58ddea0f1c04984fd38d4f59f453c0c4cccb4864c6d4ff4edaa4238b934974690c6e3d9ab63276a6d3596f0a5a96e57ad4437f047e0e08ceb268f76052e27ff9307efa15c83b832f813fa76f534fa55094df900facaeb06b68f9da8b5cd50e01af4edaad958467804be69d61553009b013f0796a3ff9c9a8d2b096dd48a6127f46daa425865932b1d842541ea8abb3476a2d656a92c276d34ba800b09cbf66c60eb11b643cdeb40e0dcecabc48452d852fc0172362fe860f495d60d6c1d3b516b9b33d1b7a966e22abc5cac195b00d7a1fffc9a89dcbeb7b53798411aafa7f68b9d689652b8717f173d4b6b97b791c64dd8483c00ec1fa3324ae660c2243bf5e7d948740107c6a80c93b8047d9bba2a7a9619d9147d67dd4578a768f9b72161ff7af50d586f2c004e43bfed75910c073e451a1b8ad51bb3f11e0145b125e13b45d99ebac9c92bc41fa2bff97e193d4b6b8731e4eb64bfbf11b6c6b538a691c6ccec7ae36eca77564251fd167d7bfa6ef42c5b341efdc63fcb08bf1a2dfffe17fd4d574fcc23ac7a69e7e99a65d541d837212f9b09fd2a4e35589b6d827e62ea5cc256c5c93a05fd0d775ef42cad1d3e82be2dd513b7e201a7c226a4b15b5b3dd196a35d2dba0bd0b7a58f46cfb2491dc043682b67397eef5604d349ff7d6f37e17449bfebd7194ed82f5d3de768b05888e72415c1c6e8e7023c40a24f1adf8cfe46bb287a9616db08d2df22760e7068ac0ab0861d449874a76e1703c53dc0c85815606df307f46d69f7e859362185f7b53b45cfd262fb6ff4ed68a07800efe497a20d497fc2e837a3656fedb21bfa7694dc24f7d58125682be5c6e8595a6c6f21edc7b997032b45cbde5a359670f687ba9df4175dc0ded1b2b776b9056d3b5a04ac1a3dcb067c12fdcde547b2f9361a780c7d3bea2fcec5fbbce7c110d2de32fa713c88ccbb23d0b7a353a36759a70ef43b753d42b8f12dbfbe8dfea6aa15ddc02722e66d719c49ba4f93fe2b62de16df10f43f561e889e659d5278277252f42c2da61dd0afb1ad155dc00911f3b6b84e443f6bbb562c07b68b98b7c5f751f4ed68c7e859d6e127682be115bcdb569e0d05ee407f33d5eaa48f8d98b7b5c7bb099b83a9db53dfb80b2f21cdb3d1c0cb68dbd08fa2673988d1842551ca4af872f42c2da633d077c67d63197078cca4adad8e20cd274c1f8f99b445f79f68dbcf6cc44b4bdf5ba350ed8cc5c0c4e8595a2c6ba21f40f68d2ee0a898499bc4d1a4f73a600eeebff26c4df41b961d193dcb015cdb4fa1da153f8f9fa245f453f49d70757413f6f4b762fa10e94d0c3c3b6ac616db2fd0b69f2be3a758db64f48fd5768d9ea5c53283f47e919d1935634bc167d1b7b3ea580e6c1d35638b6977b4ed6719a2a748a73651d82ce3fef8295a447f47dff956877f8995476a4f9eae8f9bae45d4013c88b6fd9c1c3dcb1a6e6db2b05945321b2158c30e46dfe956c73578939f3219065c87bedd55c77e5133b6984e43db766e889fe2ebad8ff65dda6260b5e8595a0c1dc0bfd077b8bdf100899fb16d518c47bf815975fc93444f79b341a9b7c2ef06d68d9e6595cf4448a291f875fc142d92c3d177b6bd318f70f4b095d326c05cf4edb037de1e375d8be842b46de7f4f829ae7077a424ea8dbde2a76811741236405177b415c2a8f988b8e95a0ebc0b7d5bec8d7b08f788e5cf5bd0b69ddbe2a7186cdaa684fa8b47f0a3b2bc7a37fa4eb637be1d3957cb8f940e0ff2a0349f3ad19f0fb041f42cd12fa339237e8a16492aeffeef054645ced5f26324faa79abdd1b65f729639f5abf1b6bc06b84d945c85b0e671adf8295a047ba3ef5c2b8409a45b46ced5f26773f4bbbaf5c69e7153b54826024bd1b59b9b6227b80edad9ff97c44ed0a2b9127dc75ac1cb47ad7fa7a36f9f15e0f2d8895a3497a16b375dc0a498c9a98f407c67cce42c9a4d48630bd65b0867799bd53284b01c4fdd4ebb81cd22e76a71a8cfc7f950cce4fe2c4c6c01b052cce42c9a73d177aa4b088f79cd06b215dac7b8bd714eec442d8ab1c04274ede6ba5889ad82f65ced0b632566518d03e6a3ef50bf183b512b8cafa16faff3085f26963f17a36b374b81093192522fe17a478ca42cba0fa1ef4c9f0246c74ed40a6334f004fa767b62ec442d8a77a26d375196925e204c681e5eb69557b7a3ef483d77c41a7514fa76fbcfe8595a0ca3d13ef53c2feb843a81178409fd2aeb84ac2db643df89de84378eb2c675100e5951b7df6d62276a51fc165d9b798e8cfbbc370993a9e03db2f3eac7e83bd09da2676945b52bfaf6fbfde8595a0c87a16d3733b24ce68bc244e61076eab27c1906bc8cf626b8227a965674ea63835fc44755e7d148c27797aadd7c36cb646e1526f2f32c13b1b6d90f6dc7d94dc6a3602b25f5d3cf0ae1a019cb9f5fa26b33376695c4cac072612207669588b5d5cfd0769ade35d2b27205dab67c6efc142d82b7a16b33cb084bb05ba67c97311f3ffecfa3e1c02b683b4dbffbb7acec8eb62dbf4ab8a72c5f461136b053b59b83062b603d674fbfb98eff4c2c7f211cde62f9b22f61e328959b809b85d7b762f91be135a8caca84c3b42c5f1611da8eca3e83fd07ea19000cfa3f12d1d5c26b5bf30e165fffbfc4d7b7e251b7a9417fcd5992ae115ebbe541e3da681f7d4d6b35019350eea2360b1ff863d91b023c89ae5dcf8c9fa245b011ba36d34d38a2b85f833d01d8ab8144b3f630f098f0fad69ce9c0bac2ebff94702ca65996ba88b0c35a03d60336165edf9aa3fc1eeb6090eff0c10600bb67579686f9f17f3eed2fbc761770bef0fa566ceac1e57ec26b5bf394af01761be85f0e3600d835c382344a5969d63c65277515e1e01fb3189e22e271ab75500eaead79c90e0006b23ae11d82e2ddc5427cf84f1e8d20cc7c55bdf33a327e8a5672ef41d7be17e0e5807934065dbfd8c5002bb2067a02b02bba4354ae275498e5cb76e8f66d58085c29bab695c7a5842f6285d1f870a03c5a00fc5d74ed4e60e781fe657f9a7e7490013ffecfa75d84d7be0c5dc76ce5b1006dffa47c2d6bcd4bf235c040030065677eadf0dad6bc7e479a6d7091f0da562e170aafadec97ad79b91a348e20ecc0a77867f17c53299a5a07e1e432459b59028c8d9fa21910f6585f8aa6adbf88eed5ac354fd93f2ea29fb923fd3d01d88a300850c8ec14236bab698489a30a3700f344d7b6f2998b6eabe9d581f545d7b6e655085b942b8c04b6a8f52ffa1b00bc295e59067583f0dad63ce5e424ef1961eda67ca4bb95f0dad63ce58fdb1d6afd657f0380ed22166430aa5192b56673e1b53d67c4da4d3900d852786d6b9e7200b07d23ffe107d1bcab5888d7b9e6d51fd0b49957a9ef502bb32c7502afa169f317b7213fcb9e729f947b6b15a856c7390ed8b0c5449b752b61728de54fcd774c6d703361c32ab376ea06fe21bab6ea5eb3d62c016e135d7b536a4c94ae3500d8ba9fbf6f074f00cca7b184c34a14dc664c45d5f6a6117697b3fc51b5994e6abc3aaaf545af9c60e2f7fff9b421baa549aad9d866aafeaa13d840746d6b8df207cbd67dffa2bf27000a15dc99e795ead73fc0ddc26b5bb9dd29bcf654e1b5ad7937a27b65f9861ff7290d00ee234ce8b2fc992abaee53c02ba26b9bbd023c27bab672d06dcd7b15784874ed4107004381cdda539637f0affffc9a2abaee3da2eb9af5523d81f20020bf54af8e36078654ff45df01c026e84e73bb4b745d6bdd54d1756b2e6d316b23551bf40020bf54df75a3e9b3a62e51f00000200049444154c2afef00607afbcaf2067e979b5f5344d79d29baae592f551b54dd73d63ae593cbd77dc7f71d00a81eff57f0e3dc3c5b4374dd59a2eb9af59a25baaeeadc0d6b9df2c7eea6d5ff4fdf01c0a6683c41d855cbf2a703584574edc745d735eba56a83abe25301f3ea55e069d1b5071c006cd2c68254f3bbdcfc1a070c135dfb49d175cd7a3d21baee707c04769ea99e78f73b0018826e0b60e57a5a6bcd6aa2ebce05168bae6dd66b21b04074ed5545d7b5d6a95e036c4cd5f77ef500607d742b00fcfe3fbf549dd0cba2eb9af5a56a8b1e00e497ea3b6f34b06eefff533d00d8a8fd65f9370f00f26b9ce8bade00c852a11a008c175dd75aa79c08b871ef3ff47d02a0b0187844746d6b9deaf8660f002c15aab63842745d6bdd83e84ebefdf7777df500609aa02010b6005e2ebab6b54ed5092d125dd7ac2f555b540dbead75cb800744d74e6a00e01500f9a6ea8454a367b3be9688aeeb2700f9a6faeefbf7777d0a0380c744d7b56ca83a2155a76bd6976a30ea2700f9a6faee7bc313800e74fbb97b33977c53ed01b04c745db3befc04c09aa1faee7bc31380b580519ab2783bd79ceb125dd7bba0592a6a1dabde0eaa7bcfb2a11a00ac44cf56d2bd0d771d5141c04f00f24ef5ebc78f3f2d15aa5fe2de082bdf6609afbd36ac1800ac2d2ac412e039d1b52d1baa4ec803004b8557c258339e46f72a731dd00f009e00ba45d7b66c78006065a76a8b7e02906f5dc053a26bbfee09c06451216689ae6bd951fd0af14128968a9544d7f50020ff54afc0937802e0f7fff9a79a03a03a84c8acafd545d7f52b80fc9b25baae9f005826549d900f42b154ac22baae9f00e49fea47f0eb06006b8a0a314b745dcbce1cd175fd04c052a16a8baa7bcfb2a31a00ac012b06006b880a314b745dcbcef3a2eb8e042688ae6dd66b1574930055f79e656796e8baff1e000c47d7913e23baae656711ba5f225344d735ebb59ee8bab3f12b8022785674dd5580a19d8491806a57351fe95a0caabd1c549daf59afa9a2eb7aff9462507d077602abf60e001416010b45d7b66ca93aa3a9a2eb9af5520d423d00288679e85652add1896e028b7ffd1787aa33da50745db35e1b88aeebf7ffc5a1fa2e5cbd13dd72aa9745d7b5eca906005b88ae6bd66b4bd17555ef8e2d7baa01c0aa9dc078d1c5fd04a03854db596e814f05349d0e60bae8da4f8bae6bd953fd181edf896e05809f0014c783a2eb4e00d6155ddb6c3d609ce8da0f88ae6bd953fd189ed089ae01fb094071dc2fbcf636c26b5bb96d2dbcb60700c5217d02b0b2e8e27e02501c4f1366b32aec22baaed9aea2ebcec57ba81489f40980e70058ab2ae85e037800602aaab6773fe19eb362900e0054c7aa7a00502caad700db12b605366ba7d1e85e3ff9f17fb1a89e868feb0446892e3e5b745d8b43d5298d0076125ddbca6b176098e8daca3937963dd577e1a84ec2485641b5fb91c571b7f0dafb09af6de5a46c73ca7bcdb2a73ad361b4070096959b816ed1b5f7175dd7ca4bd5e6ba815b44d7b638968aae3b4af90ac0038062790ddd6b802df07e00d63eeb009b8aae7d0fbad3372d8e520e009689ae6bf1dc28bcf6c1c26b5bb91c2abcf6cdc26b5b1caa1fc3a3fd04c0b27493f0da470aaf6de5a26c6bca7bcce2507d178eea443793d50380e2513e01d815982cbcbe95c33ac0cec2eb2bef318b43f50a606827d029bab85f0114cfa3c08ba26b7702ef105ddbcae3087407503d0fcc145ddbe251fd181ed2090c115ddc4f008ae97ae1b58f175edbcae138e1b5ff22bcb6c5237d02305474710f008ae94ae1b5b706b6135edf8a6d47c28a1395cb85d7b678540300e9130055d216d7954097f0fa1f105edb8a4dd9b6ba806b85d7b77864af00206c2c5111846ae061f1dd88a64d550827a5a98eb8b6e21a4f38f152d5aeff163f45131982a64d75a92600826ed7388b4ff91a602c7e0a60d9fb20b092f0fa5708af6d71494f765c8e66f4a19a7b60f16d89ee975205780addf2562b9e61c09368dbf466d1b334956168dad4d24ec20040c10380e2ba9bd061aaac8d3706b2ecbc9bb0fe5f65263e01b0c854df855d9de8266c790e40b1fd567cfd33d0ed7161c53184d09694d4f792c5a5fa2eec02ddc496b1f1f333a1e9681f9956807746cfd28aee28f4ed787af42c4d69029a76f51a3dff4771f10959d49c25ed5f683bce87f0ab266bde10e041b46df8d6e8599adaaa68dad62b9de8b6e41d21baaeb5cf05e2eb6f04bc575c06cbaf63818dc565f885f8fa16df70d17597836e76eb7af1f333b135081b3e297f413d0d8c899da815ce4ac03368dbee3260cdd8899adc0668dad7e39dc0a2362458cb68d175ad7d5e04ae13976132fa495c963f9f012689cb7015f082b80c169feabb705127b0507471ff2a2b87f3d405004e03a6a80b61b9b13e708aba10c0cfd405b0b6900e00fc04c062ba14fd11a6a3801f88cb60f9f16d60a4b80cb3f0e13f65a1fa31bcd003008bad8b34be7c0f249ce56e3690f7006f531702f81fb4876a59fb94f21580f701288f9f12f69b50fb2eb08aba1096ac5509bffed5e6e2c7ff65a23a63625127a1b129ac2cbaaeb5df1cd2e8d026127e5999d5f25dc2ca15b5f3d0f5cbd67eaaefc2b99df4ec0624e00140b9a4f248f368c2deee66d58e203cfe57eb02bea72e84b595eaa9e4ec4ec2af33050f00cae571d299d4f443605d75212c19eb01e7aa0bd1e30fe827cd5a7ba976c59de30180b5d317091b50a84d20ecb0e66d826d18f04b60bcba204037f0257521aced54df851e00585bdd095cac2e448fdd81afab0b6172df02765617a2c7ef0847695bb9ac2abaee6c8077a1d986f0faf8f959823623ec41addc62b537ba8123e3a66b097b0ffa36d81bcb814de3a66b89fa1b9a36777827f06a1b12ac65a2e8baa6753ff01b75217a741096286ea12e88b5dd56c039ea4254f935f080ba1026a13aefe15580add18c3e66c7cfcf12b501fa4382aae36960eda8195b4a26014fa06f77d5bffe378a9ab1a56c2e9a76b739849b41d5f0d5db6d9ace39e83bdeeab81ddd861cd63e63813bd0b7b7ea48e94984b5d76874ed6e4d08b360bb450598da72f5595ead49d88342ddf956c71584fbc18a69187035fa76561db3f191bf65b63e9a76d7050ce92dc42ba242ecd862e559be9d82be03ee1b1751756358610c21cc3d51b7afbe7172cca42d79bba069772f5617e20151210e6ba5e62cf78612963da93be1bef113c204412b860ec2f6baea76d537eec27b5194dde168dade7d009d3d8578dd68a08dbc1b5bb92d27fc02aaa80bd2c7fb09dbb17a10907f1dc0f781e3d505e9a3027c84700f58794d115df705583100785a54080f00ecafc0ffaa0b51c387f16e81793784f034e72475416af825f07775214c4e3500781af4030055f29696d3d0ed483990f7123a6a4f0ccc9fe18481e5fbd405a9e135e00c75212c09aa1fc11e0058329e054e5517a21fef042e232c1fb37c184758d171b8ba20fdf818f09cba109604e913805e87a19988a09a7b6069ba18fdc4acfee21efcca2a0f2691de3affeaf843bcd42d8766a36987075517627b51212af89795ad301178097d27dd5f3c056c132d7b6bd50ce019f4eda4bf781158235af696372ba36b8bafebc7d612166446f3f567057404fa8e7aa058081c132d7b6bd6f1c022f4ed63a0f0b267abb603bab6b85a75413a081d9ba220ef6abefeaca07e8dbeb31e2cce264c3433ad11c077d0b787c1e282581560b975349ab638b75661ee1315e63f9aa9392bb49581c7d177da83c52dc08691eac006b731701bfa7630583c064c885407965f5f44d31eefec2d40ef2a00809951521cdc06a2eb5aba660387101ee9a66c07c26e6e1f5317a4848e217cf9a7fe0a7131e1b5d66bea8258725427403e56eb2fbf8dee5794592d27a0fff5566f5c4c98c46871ad055c82fef3ae3752db81d0d2a17a7af5cd5a8539b9c9ffb156630ede72d5faf753f49d78bd311b3811b7e7183a08bffa5f46ff39d71b6747a9092b824e603e9a76f9ff6a15e80051612a784320ebdf28d25ed75d2bfe0c6c16a3324a6a73e02fe83fd746e236606484bab0629886ae6dee5bab401b080bf4ba4d09ccfa9886eec8ea666319f05d609508f55116ab023f20d4a5faf36c245e02a6665f1d562087a06b9f536b156808ba75b467365c7d5636bb91fe3aef5af132700afe35d88851c0c7c9dfa0af42584ebd73f6556205f33934ed7301af9ffcff3aaab3d97fd960e559391d0174a1efe49b89170807c07820d0bfe18439144fa3ffbc9a892ee01d99d78a15d16fd1b4d1db072ad4ff8a0a7557233567a5f609f41d7d2b318bb06c70a58ceb25cfc6120e837a12fde7d34a9c9275c55861a9f6dd19f0c7f6e745855a8a7f1959fdbe8bbeb36f355e05be4638bca6ac26035f4777204a96f13f19d78d15d76860399a76fa99810a76a4a85015c2a62a66f51802fc1e7da79f452c239c1077604f5e45378430e9f752f237b9afbfb88801deab9af5b133bab63ae07914d385053ba9fefa3363047025face3fcb788af05460eb0ceb2915db02df20bfeff7fb8bcbf19910d618d59e3b15c2f6d9fd1a8a6ea6f579f5d79f1910060157a1ff1288110f015f263c19cbe3afcb4ee04dc0578087d1d7678cb882d006cd1a713e9af6ba803a9e32fe5354384f04b4668c04ae41ff6510335e244cde390a58279b6a8b625dc20967bf22ac8557d75bccb80a7ff95b73ee41d366ff514fe17e222adc32c2e408b3468d02ae43ffa5d0ae78927064f247805d81f1ad5761c32610f6663819f80de1f585ba5eda1557e349cbd69c31e82600be616beaa1350aa8fa253e14d81ef8abe8fa965f8b80b71326d3d5dce6b260d601dedd13bd661196163ddaf3cf8ff7fcf92261439da50d5e63386127be3580f508bb87ad47d831743ae5ddbefb6ac244aac5ea82582eed806eb2ef1bbedb6b0d00eeacf177edb2331e005873160107130e0f3a4a5c1685a90cbcfdec3cc2ae847309bf4096f7fc1d8475f8437b623ce18b7f6ca472e6d90584132a97a90b62b9b58bf0da75fdb81f876eb7b52b5a4ed1caae03380bfd636247b1e26bf894476bddd568da6f170d0ceaef1715f255f239e3d9d27332f9dd36d8914e7403a761d6ba4ee03534edf89efe0a54cbadad64d9829519649da2599dbe071c8edfd55af39610e659fc97ba2056089ba399b00b704badbfec6f00f0cf880519ccaec26b5bb15c02ec033ca72e88e5ceb3c09b0987b6986541f9dd765badbf4ced0900c09ec26b5bf1dc086c055caf2e88e5c68dc076c04dea8258a1ec25bc76cd2700fd194e7874aa7857f13c9e6c63d91b4a387846fd4ed991769c8db7f6b5ec75a0db1c6b1130acd102ff4354d80ab059a38535abd371e8b6bb76a41b0b8163308b632b746dfb86fe0a35d08cfb7eff4b6df066e1b5add8ce27acc57d505c0e4bc78384367181ba205658cac7ffb91b00282bcb8aef5fac389dae5b5c16d3a900e710def7df212e8b159bf247eddf9bf92fad46e81c158f2c66537b9742b3acbd85e21d51eb183c9e070ec22cbe61e8d6ff7701ab345b70d5864015b45b265ab94c209cb6a7fe5272b4272e22fcc0316b87bdd0b5f501b7ff1d6cd7bda61e1d64647fe1b5ad5c960337b3626f7c2bae798425a1de20cada653fe1b55b7a957f14ba91cbedad14dcac0e5309bbbccd46ffabd4d1de980d7c93810f5032cbc2dde8daf9bb5a29f86461c1bb8189ad14deac1fbb0317a33b97db914e2c27bc12d80db3ecad8dae6d77036bb69a80721ec0b1ad16deacca018447fdea2f1d479a71137ef568d9fa00baf67cf76085abe7e4bdffab27cb48de2ebcb61543077030612bcc2b811db5c5b184ed045c05dc091c817724b5d629bfc3fe94c5ffc8a1e846300b80d1592461a5d349f8e2bf0dfd2f4b473ee31ec2ee8043306bdc4a68771d3d308b2426a07d57eaa700d6a87d089bfda8bf401cc588fb084f04cc1a7104ba36bb0c18975522b70813f959564958e16d07fc19fd1786a398f147c20e9266f5f805bab69ae94ebe5f1026f232de15d006b62ee114b72ef45f128e6247377021300db3fe0d035e45d74e3f9365323b0813a9007b67998c15c658c23afe25e8bf181ce58ac584b32456c2ec8df645db3eb7c932994ec2ded9aa64cec932192b84838127d07f1138ca1dcfe06384ed8dce43d7269f25c20a969f0b137a15189e7542964b1b01d7a2eff81d8eeab81e988e59f8ae7a055d5bfc69bd05ad671f805e5735f09fcddacaf83540d98d01ce02ee253c5e334bc99e849527df20b4552bafb7d2c2097c19b83ac6ffe8ca84a505aa51cdf93192b25c78333013fdaf3c87a39e788c3020b072529e2cba14181f2bb13f09137b0d18192b314bd238e0478499d7ea4edde16824ba811f1226aa5a798c02e6a26b77d73652d8465e0100fca1c1ff7c96c613267e5939ec4bd889edffe12d592d7f3a800f11daf05bc465b1f63914eda0eff731ffc7d746fb6bec8a98c95912c6023fc1bffa1dc5896ec24a262f192cbe6bd0b5b32e60add809de2a4c70593b12349919c0c3e83b6c872346ccc4875115d924b4dbe637bcfb5f333bec5d026cdfc47f2f0b4381f700df125ddfe2e8004e03be82977b366b09f034f01c30bb462c261caeb5b4e73fbfb0e7bf03308215876e0d27cc621f4998f8db372601937bfe3bd698f580bf029f02be4de8b4ad388e467b7054c3afe89b79b7ba09f04013ffbdacdc036c29bcbe656b22618f092fed1bdcd3c0833df1306123a4a7099bd1bcd0e6b2ac497825381998026c4ce81b36e9f93b1bd835c071b4ff73b378ee0336135e7f1ae129537477a27d94b643fc14ad0dde4ae800d58f66538b45c03f80ef03c7139eb86576b2571b8c2394f97d841cfe81f658d454e379c2c995967f3ba26d4bb7c64f7185332325516f9c1f3d438ba903f8343ebca73766124ebd3c01d89a709048d10c23e47602e1fe7d1c7dbda710cb8133f04a97bc536efd5b013e113fc515d6433b4b7b11b05af42c2d86b184a52aea8e57198f133a8c6308271996d514e058c2e06716facf4519bfc3ab04f26a3c617e8daaed7401eb44cfb28f9b3328782bf1c9f8295ac636226ce5abee6cdb1dcb81db08c76acfc0bff6fab33ef031e08f84c98aeacfadddf120b069cbb568edf611b4ede66ff1537ca3539a2c6c56f1188d6f64643a870073d077b2ed8a4584271def45bb2f785ead0a1c455875b418fde7d9ae780d6f78963777a16d331f8e9fe21ba9d73c568003a3676959f824e5d8d86739612bcee388b81f77094d204c86bc167d9fd38ee8a2cdef74ad693ba36d2bcb082b722494bb1e55802be3a7682d184ad8cb5fdda1c68e7b088faed7c8a6da6c006b10eafa1ef49f7becf801da75e536b8dfa06d23d2dd71dfdd4fa1da15ddc086d1b3b466ac045c8ebe138d158b800bf1322ea519c0d9c03cf4ed21565c4bbe968096c924f473550e8f9ee5004611de59292be0ace8595aa32611ce4657779e31e241c20145ee94d3310e380978087dfb8811b713ee294bcb97d1b68b57496047ce73d056c2cbf898e0944c079e44df69661dff071c84279ea6ac933081ee7af4ed25eb7802ed2e73f67a23d06f62f6c3e859d66157f437c7b1d1b3b47a6c4f1890a9db4356b11cf825b04d9695646db12df02b8a3569f02560bb2c2bc99a761cfaf690c4c1521de81fbddd83d756abed05cc457f536411cb08e713787e49fe6d045c4071060273803d32ad216b5427fafd4cee8b9e65034e477f63bc2d7a96d69f8308a7cba9db40abd14598d8b771b6d56309588f30617019fa76d66a2c060ecdb67aac0187a26f03a744cfb201aba3dface31fd1b3b45ade45313ad58bf02ffe32d898626c45bd143822e3bab1fadc8af6b35f44d8282b29eaf5901560efe8595ab5c3c9ff97ff3f81ddb3ae184bde8ec00de8db5f2bb19cb014dbda675ff49ffb2fa267d984bdd057cc9fa36769bd8e24df5ffe8f139e5e78ee48797510be4067a16f8fcdc652e0b08cebc5fa773dfacf3cd91f2cf7a3af9c9da36769ef40bf01462b1de677f0c96bb6c228c2414dead798cdc672c260d6e2da11fd67fd0009ff68511f1054012e8d9e65b91d427ebffcff8427f859ff3621ecf7a06ea7cdc4527c88506c57a0ff9c3f1a3dcb168c47bf2d6737b045ec444beacd840928ea9ba0d1780e784f84fab0e2e9209c42a8dee4a5995848c28f87736e6bf4079acd21073b907e1ffd8df0abe85996cff6e4739dff85c06a11eac38a6d0261d9a0bafd36f3253123427d94dd6fd17fb6ff133dcb0c6c48584fadaca8e57849579636049e477f0334122f223e28c30ae108c20e7ceaf6dc48bc44789d61d9d800fd4652dd844dad72e15af437c1f9b1932c897580a7d07f9e8dc4c5f8685ecbce9ac025e8db7523310b1f2094955fa0ff3ca5c7fe36ea40f415b61ccf0568d558e02ef49f65bdb10038214a4d98c107c9d78e97ffc2ab5d5ab535fa27da15c2fe03b9d141d8ab585d6957c64eb4c0860097a1ff0ceb8d07802da3d484d90a9b0277a36feff5c655c0d02835510e293ccdbe9b8497fef5e7fde82bae4298b96e8d4b613267bd710130264e3598bdc128c25e12ea765f6f9c13a71a0a6f4ff49f5d05383a729e518c009e455f79b790c3d193d869e83fb77a622161c99699c2b1e46759eca991eaa0a83a80dbd07f6e4f01c322e71acd99e82bb0820fcd68c4bee867bcd6134f033b44aa03b37a6d433eb612ee020e88530585f46ef49f5905f878ec44631a07bc86be121f038647ceb508360466a3ffbc068b1b808991eac0ac51ab918f1d045f252c69b3810d071e45ff79cd216cae976bdf425f9115e0a4d889e6dc58d298b83958fc180fe62c3dc3c9c7c641f7e0950183f928facfa9027c3d76a2ed30913496cebc480eb65114e9007e87fe331a28ba0907b698a5ec63a4b16c6ca0b804cf8beacf58d2d8f46c0105dacbe47be82bb4027c3e76a239f529f49fcd40b1189f7666f9f11ed23f59f093d1b2cfb72fa3ff6c2ac07fc74eb49dd60196a0afd479c0e4c8b9e6cd6ec032f49f4d7ff12a3ee0c4f2674fd29e4fb3141f9dded7bac07cf49fcd220ab88b632aefc72e8c9d688eac46dadbfc3e4dd878c52c8fa693c652e8fee24960d568d9e7cfefd17f2615c21e2c85338574ce91f77298f00ef052f49f457f310bcf58b6fc9b4a5885a4be9ffa8b2bf17c0080b7a2ff2c2a84efc82991739539177d05578087819191734ddde9e83f87fee221c26b23b32298023c82febeea2f72bdd63c03a3486790f6c3c8b94aad4b3a9363fe2372ae29db9a34e664d48afb29e0fb2f2bbd89a47b86c06260ab78a927ef4be83f830ae1ddffda9173954b650fed45c0b4c8b9a66824612db0bafe6bc53d8479096645b4066180abbecf6ac55d84eddbcb6643d2f951faadc8b9266175602efacaae00d744ce3545ff8dbede6bc523c05a11f3364bc19ac083e8efb75a7156c4bc537515fa7aaf1056a81566ddff60be86bec27be3b0c8b9a66437d2dca4e449c26429b3325807781cfd7dd737ba08cb17cbe29de8ebbc37be1439d7a4ac4c58dfadaef4de2f9f326c8d3996340f2d791a583f5eda6649da10780efdfdd73766528ea3b5c712fa1e757d578057800971d34d4f4a47ce96e1d1572a732faae35560b398499b256c0bd2382cad6f146a17ba7ea4f42ab49447350f279da517cb28f6d1b26f22bd237e97007bc74cda2c07f6209d4968bdd145b177099c413a7bd2cca49c932f01782ffa0fa0371e20ac072d9ae1c0bde8ebb73aba81a363266d9623ef22dc13eafbb23aeea698a76e8e24adfef0c8b8e9a6ad13b80dfd87d01bdf8c9baec4e7d1d76bdff0412466aff769f4f765dff85cd48c35527af4ff0fbc0b237ba1ff207aa30bd8356eba6db501e93d5e3c3b6ac666f9f513f4f76775146daf943d486b15d46e71d3cd8f4bd07f18bd31933043b408ae405f9fd57123c57cac68968561c0dfd0dfa7d57159d48cdb670c696dc7ec43e9aaac4f186daa3f94def841dc74dbe2ede8ebb13a9ec55bfc9a0d6622e92c4feb8d83a266dc1ea99c465b0116e27d4fdee02be83f98dee806f68b9b6e54a3084f32d4f5d81b8b28f62a0bb32ced485aafee1e25df87a7bd85b426597e216ab6393586b4cea67f12181f35e3783e8fbefeaae3d8b8e99a15ce07d0dfb7d5f1d9b8e9463381b49ea83c018c8e9a718ebd07fd07541de747cd368e49c07cf475d71b3f8d9bae5961fd02fdfddb1bf3c8e7591d29d5610538226ebaf9d601fc15fd87541d8746cd387be7a2afb3deb89f726c2b6a16c358e061f4f7716ffc386eba993b1c7d9d55c7ffc54db718a693ce2e4d156036f9d9ab7e53c2ae86ea3aab10de616e1d375db3c2db927426482f27f4cf79308db4b6595e42e89fad0e299d165801fe493eb66bbc127d5df5c6499173352b8b53d0dfcfbdf187c8b9666104696d305701be1c35e382194d7ac7657e3f6ac6addb137d1df54651d60e9ba5a003b81afd7ddd1ba96f60f323f475541d8f51cc6de6a3da0ffd07d737de1b35e3d6a432776236303972ae66653389748e504ff95df691e8eba76f1c1835e302bb18fd87571d7308e778a7661ff475d31b290f92ccf2ec38f4f7776fec1935d3e66c0ccc455f37d5e11dff5a30917446bdbd7137e93dce4965fbd04b63276a5672a96c9b7e43ec441b3412b8037dbd54c72bc09a31932e83f7a1ff20fbc63951336eccbee8eba302bc841bbb596c29bd0ad82b72ae8d380f7d7df48d63a3665c121dc075e83fccbe7154cca41b7013fabaa800c7c74ed4cc00f820fafbbd4298779482e3d0d745dfb82666c2653395b01395fa43ad8e79e8d7c4ee8ebe1e2a84c781a53fd7daac4d3a0967c9abeffb0ab053e45c07b325b0007d3d54c75c604acca4cbe864f41f6cdf9809ac1e33e9415cde4fb9da19cb0837a199b5cf36848d79d4f7ff25b1131dc09ac0ac1a6552c78723e65c5a9d84e527ea0fb76fdc806693a04d81ae26ca9b757c2b76a26656d377d1dfffddc066b113ad6124e9bcfeac8ebf11beab2c82a984a578ea0fb96f9c1f2fe57efdacc9b26619cf10f62b37b3f61b073c87be1f383776a27d7490de213f15c2d6c35322e66da4b92aa0029c1933e93e2611f69656e7fcbed8899ad9804e44df0f2c262cd96e97cf44caa3d5383666d2b6426a1b0455088fe30f899974952fb529a781e22e6048ec44cd6c4043807bd0f707ff113bd11e8791c6abcfbe918733120a6375e005f41f7adf58086c1f316f80618447efea5cf78d9ca799d5e740f4fdc1b384be29a66d80f909e4da375ec47ba0b4dd21e83ff85af124b056c4bcdf9d408ed746cccfcc1a97c204e92322e63709783a811cfb46377050c4bc6d003f44df006ac52dc4db2ef806716e5dc056917233b3e66c47f83252f60d7f8994db28c291ecea7ebd567c3752ce568751c0bde81b41adb888ecdf916f9d485e66969e4bd1f70f9b679cd310e0f709e4552bee222c173de6d700000eb1494441544734a1e98477efeac6502bce27db1df2be27cea71bfffa374bd5b6e89f02fc7786f974109618aafbf15ab108d822c35cad051f46df20fa8bef6494e370c2813bca5c7e9f512e6616c71568fb8817c86e32e059e25c068a1333cad132d041ba8f892ac02733c8f170710edd8459b86696aeedd1f777592c873e33813cfa8bdf66909f656c3cf028fac6d1df97e7092de6a71ed95fd662f9cdac3dae42db575cda62f94f44ff2aa3bf7808ef7e9aac6d08ef66d48da4562c07ded1645e6b110edd51967f8f26cb6e66edb537dabe6229cdaf8b3f82340e39aa150bf07bffe4a5b035667fb104d8af899c4e1597fbf626ca6c663a77a0ed334e6ea2cc7b13b61556f7d3fdc5714de46402e7a36f2cfdc502609706f3519ffdfdde06cb6b665ac7a1ed336e68b0bc6f02e689cb3c50b4fbc0236bc118c21a4d75a3e92f5ea6fe474953d1be0f7b86b002c1ccf26304f03cba7ea31b58a7ceb26e09bc222ceb60713bf13676b348d627ed46f51261639fc19c2e2ee7a7eb28a399a5e7f368fb8e8fd751c66dd02f6f1eac9f9e52471e96a0bdd14f9e1b2866131e7d0de47661f99611f75c03338b473d79f89641cab72de169a8ba1fee2f96e343cf724ffd0b7ab0980decd84fd9a78acbe68d7fccf2ed3274fd4737b06e3fe5da11784d58b67ae2d47a2ad8d2f71bf48d69a0980fec55a3dc1f1597eb807a2bd8cc92a43e35f5a41a65da0598232ed760f1ab7a2bd8d2371ab80d7da31a28e6017bf629f7b5c2f23c45f6871999597b0d059e45d78f5cdda73c7b127ef0a8fbdb81e2563ce9af70d6227ca9a91bd740b100784b4f795742bb26f64b4dd4b199a5e7abe8fa91c5acd8396f0fd25eea5721ac7a5abb893ab61c9841f8925537b2816211b03f7098b81c1b3659c76696964dd0f6258711fab4547769ed8df9f8bc93c23b0ce842dfd8068ac5c0bf84d7f7ce7f66c57227bafee45fa4bdc35f85f09df0f6a66bd772e5d3e81b5cca717af3556b6609729fe73ecfaafc007da34b31ba09cb0fcdac38d627dd13f6d4714e0bf56a393504f803fac6975adcd44aa59a59b2525f09a5882b082b254aa9535d00a12ee028c24d612bfc4e5d00338be242750112732b702461c73f2ba9d58087d18f445309cffe372ba6cdd0f72fa9c463c09aad55a715c546a47d2045bbe2e1562bd2cc9236137d3fa38e17810d5aadc82228f32b806a0f03fb10f6a62eb32bd50530b3a8ae5217406c2e614f8247d505b1f4ec49fa9b55c48cde5d08cdac980e40dfcfa86221613742b37ebd8db48f108e15f3811119d49f99a56b14e9ef861a2396133681331bd451a4bf5b60d6e1c7ff66e5a03c644c11ddc0f199d45cc1780e406dbfa47c6741ff5d5d00336b8bbfa90bd04615e064e067ea8258fe9c8a7ef4daaed839a33a33b3b4ed8ebebf69579c91519d59499d86be11c78e05c0f0ac2acccc923682724c76fe4c561566e5f645f48d3966fc29bbaa32b31cf80bfa7e27667c3eb39a3203be8abe51fb6631b32c7c097dbf132bbe9a613d99fd5b519f041c9065259959f2de86bedf8911dfc8b292ccfa3a037d23cf3a26665a436696bac9e8fb9dace3eb99d690593f3e89beb16715cf645c3766960fcfa1ef7fb28affc8b86ecc06f409f48d3e8bb83ceb8a31b35cb80a7dff93457c3aeb8a290b6f04d4bc6f011f2334c03cbb535d003393b85d5d801675031fc193fe9ae601406bbe4bd86272b9ba202d9884f700302b9be1847b3faf9603c7023f5017c4ec60c24953ea4761cdc6bdc0f699d78a99a5682be05fe8fb9d6663313ed8c712b3073007fdcdd16c2c23cca21d9975c598591246025f0096a2ef6f9a8d79c03e19d78b5926b6035e427f93b412f7013b665d316626b513703ffafea5957811d836eb8a31cbd246c063e86f96566239f04dc2d9e166965fa309139697a3ef575a8947800d32ae1bb32856056e447fd3b41a8fe15d02cdf2ea206026fa7ea4d5b8155823e3ba318b6a0c618dbdfae6c9222e07a6645b3d6616c964e002f4fd4616712d3036dbea316b8f21c08fd0df4459c402c204a21159569099656618616f92b9e8fb8b2ce2a7c0d04c6bc84ce04ca00bfd0d9545dc4b58f16066e9d893fc4ff2eb8d2ee0f44c6bc74cec30603efa9b2b8be8067e05ac9b690d9959a3a600bf21dc93ea7e218b980fbc3dd31a324bc456c013e86fb2ac6209f01d607c96956466831a43782597e70dc8fac633c08c0cebc82c399308b35ad5375b96f132e1dda3dfd799c5d5091c033c8ffebecf32ee00d6c9b09ecc92359af0d84e7dd3651df702fb65584f66b6c201848dbad4f779d6f14bbce78895d069e47f838e5a712d3e5bc02c2b6f02fe88febece3a9601a766584f66b9b307f002fa9b3146fc11bfd3336bd6e6c0851467825f75bc8cf7f43703c2bbaf7fa2bf296344376123a1ad33ab2db362db8cb0914f51960ef78d3b80f532ab2db302180dfc1cfdcd192bba08effa36ccaac2cc0a6623c2f2daa27ef157089bfbf87dbf593f4e0016a1bf5163c532c24060cbac2acc2ce7b6227cf12f437f7fc68a05c07119d59759a16d4d38fd4a7dd3c68e1b808333aa33b3bcd995f07aac88eff8abe3613ce0376bc878e062f4376f3be246e06d404726356796ae4ee010e066f4f75d3be2b7f8301fb3a69d44b176fb1a28ee038e074666527366e91809bc1f7800fd7dd68e58009c9849cd9995dca6c09de86fea76c56cc216c35333a83b33a549842d7b5f427f5fb52bee03b6c8a0eeccacc748c29762d1df17564717612f8183f1eb01cb975d096bf88b3cb1af565c4058d16466111c02bc88fe466f77dc077c08bf4fb4748d25bcb22bcab1bc8dc40bc041ad57a1990d660de012f437bd2216117e59ed839f0a581a66006703f3d0df1f8ab80a58abe55a34b3861c01bc8abe0350c593c0d7f1ae62d67e93813328c772ddfe620e9ee867263515b81e7d67a08c2ee03ae03d7897318b6734f05ec2bc9422efd6574ffc1f30a5b5ea34b32c74022753de4790d5310ff83561ae8497135aab460287128eef9e8fbe7dab632ef011429f636609994a388a57dd49a4120b083bad1d8367265bfd4610569e5c4078ccad6ec7a9c435f857bf59d23a089be994796e40ad788d70d8d221c098a66bd78a6a0ca16dfc9cd056d4ed35a5780538b6f9aa35b3765b0bb8087de791622c26fc9a391958bfd90ab6dc5b9fd006ae25b40975bb4c312e0426365bc166a6752030137d479272dc079c05ec010c6dae9a2d0786027b02dfa49c6bf51b89c780fd9baa65334bca28c276a4fe953378cc27ccf23e83b09bdbb0c6abdb123104984e58aa7621618b6975fb4a3d9612761cf56b32b382d90cf82bfa4e264f311bb814f818e148536f3e94ae4e602be014c267e62ffcc6e27a6093866bdd72cb9d59f97400ef223cf25e5b5c963c7a15b815b8a5eacf57a4252aafd5801d803755fdb9b2b444f9f424703ae1298995880700e535063813380daf976fd5a3ac1810dc0adc4d38c2d9b2338670c25cf597fd346989f26f11613ec437707b2d250f006c6de0abc0d1ea8214cc73c0ed840986f7f7fc792fb04459a81c1842586b3e9df0ca6a3a61affd8d7bfe9d65e30ae0a3c0e3ea82988e0700d66b0fc2af81edd50529b0c584c1c0038459d6337bfe7c8c3060289349846578d3aafedc94f0a5ef2752f1dc4278dcff7775414ccf0300abd63b3fe0ab845d05ad7d16b162503013788a70c4eab3c0f38401c26bb2d2356602611f8a89842ffa358175098736f57ed9fbcc86f69a097c9af09ebf222e8b25c20300ab65046183944fe34955295944180c3c0bbc481810cc21eccf5efde7ec9e7f5ec8ebdfedceaefae70584255f00c379fdb2afeacf7c0ce1cb7a3ce18b7d3c30aecf9f13085ff26bf5847fc1a7e355e02bc00f58f1799b011e00d8c0c60227110602e3c46531b3fa2d00be4f98e0377b90ffac959427d5d840960237023f213c369c8137c6314bd952e0a7c061c01f08f34ecccc5ab6367036a193516f5ae2703856c412e087c064cceae45700d68c75814f001fc093b9cc949602bf05be4898446a56370f00ac156b02a712260c8e1697c5ac4c96108e2efe12f08cb82c96531e005816d6243c11f8209e2c6816d31ce047c0b7092b41cc9ae6018065692cf03ec260601d7159cc8ae479c2fc9bff213ffb419859090d038e01ee413f39cae1c873dc4d38ced87b2b9859ae7400fb0157015de83b5387230fd145d8ab7f5ffc94d62272e3b276994658357022de5dd0ac9679c06f80ef10ce8c308bca03006bb771c071c087804db445314bc28384897de713b670366b0b0f004c6906e189c0517819a195cb12e032e01ce0cf8447ff666de50180a56055e058c22b023f15b0227b80f0a57f01e1a01e33190f002c3533082b08de03ac262e8b59165e032e277ce9fbd7be25c303004bd508c22ce8a38143f02144962f5dc0f5c02f808b78fdb1cc6649f000c0f260227004f04e6067dc6e2d4dddc04d84bdf97f07bca02d8ed9c0dc915adeac0dbc833020f060c052703fe10bff0260a6b82c667573e76979368d70eef9a1c09b804e6d71ac24ba817f009700bfc75ffa96531e005851ac061c407832b02f305c5b1c2b982ec297feef7ae2596d71cc5ae7018015d118e0cdc0418441c1dadae2584ebd04fc85b02def65f8101e2b180f00ace83a806d81fd7b620760a8b44496aae5845ff9d700570377e0257b56601e0058d98c017602f6e9896df17d506633813ff5c41ff1af7c2b11777c56761309af0b7685ffdfde1dbc441d447100ff905e0ac5883c1505812d9458e1b1fcd7bb64a728342c2252a8ec1281866286a01dde2ced860859f6dbcdef071e6fe07799cbee3c8699799670470e13feaf0ef10a4fb08cc772552fceb1140011c3aee0a12a081ea91d82f4621f4fdff0422df6cb788aad4e671431425200449c6c123df544f1a22a0e1ec82ec128da508bfcf316cf54d39d8838460a8088df378d05dcc3fd96e7a5a3e1bfb28735ac60b5c54bec7439a98871930220e2ef98c09c2a047ab8ab3a1bf6a43038ad3dbc69f1bae535bc53f7f223e20fa40088385b177013b7714bbd5e3898a7ba9bda48d8515bf7eb2df7c76ff15eaee1459c99140011dd9a550f155dc70d5c1b18cfb6b86afc7eab47f8a21ed3f98c8fd8c4277c68e3cdf63d223a306e7f2a11e7d1849f85403f5fc6cc2f795abd737051dd5c98526d94670c1f5abca4da2d0ffa6eb865ed21bee200bbd857a7ea775b6cb7efdb03e3fe82dfcfd9a68f18613f0054edd9a88a775c8b0000000049454e44ae426082, 'C. de las lomas blancas', 634983216, 1, 1);
INSERT INTO `usuarios` (`id`, `dni`, `nombre`, `apellidos`, `usuario`, `contraseña`, `foto`, `dirección`, `telefono`, `tipo_de_usuario`, `activo`) VALUES
(3, '9158972E', 'Emma', 'Requena López', 'erl', '1234', 0x89504e470d0a1a0a0000000d4948445200000200000002000806000000f478d4fa0000000473424954080808087c086488000000097048597300000b1300000b1301009a9c180000001974455874536f667477617265007777772e696e6b73636170652e6f72679bee3c1a0000200049444154789cecdd779c5d55bdfef1cf4c7a420a3d244002a1871e407a1144aa020236aa22fe445150106cd77a2d78bd5ebb802262bb2288f4a25e2c144190de2184de09e975e6fcfe5833e6309c993965aff3acbdf7f37ebdbe37dca0eef55d67ed75d6d97b950ecc2c75c380d57b622d600230bee7cfea7f1e0b8c0456eaf9ef4c0086f4fcfb6ae381ce3e7fd70dcce9f3777380e53d7f2e03e6038b81b93d7f370778ad4f3c0fbcd413cb9aced8cca2eb5017c0acc43a085fe8eb00937afe5c1b98dcf3cfab036b00aba80ad8a25781170983812781677ae2a99e3f9f069e9595ceace43c00308b6b08b01eb031b03e30ad27d6ef8991baa2256131301378ac277afff961e071a04b5734b362f300c02c1b43814d80e9c0a63db109e18b7f84b05c79b60478107808b81f7800b8afe7ff5f2e2c975921780060d6b871c0d6c0563db135b039fea26f97c58481c09dc05d557fce5516ca2c6f3c00301bd850c2aff819c02ec0ae845ff67d27d199de73c00dc08dc0edc06d84c18299d5e00180d9ebad4ef8a2df1dd819d806182e2d91356b0970077013f037c2c0e0656989cc12e2018095dd64606f6037c217ffa6dae2584415c29c821b80bf037fc6ab10acc43c00b0b25909d811d8a727b6c5f74199cd04fed4137f262c5d342b05777c56749dc0f6c001c0fe842ffc21d21259aaba087307ae06ae22cc21e89696c82c220f00ac8856213cd6df073888b0c98e59a35e06ae07ae002e07666b8b63962d0f00ac28d621fcc23f18782b612b5cb3ac7401ff007e075c4cd8c5d02cd73c00b03cdb1438b42766e0f66ced5121bc1eb8a4271ed416c7ac39ee302d6fd6257ce11f4198b56fa6763fe1c9c0af8047c46531ab9b070096079381238177013b88cb62d69f0a700bf05be042bcc4d012e70180a56a24e17dfe31c07e841df9ccf2a21bb819b880f0646081b638666fe40180a56606e14bff28f27b0cae59b5b9c0a584c1c09f094f0acce43c00b014ac0e1c077c00d8505b14b3a81e06ce05cec7db129b980700a634033811381a18252e8b593b2d253c1538073f1530110f00acddc603ef03fe1fb091b82c66297818f811f033608eb82c56221e0058bb6c087c84f0e5bf92b82c66299a0ffc1af81e70afb82c66662de924cce4bf8e302bbae27038068d6ee05ae040c23d6466961bc30933f9ef43df993a1c798e47808fe1393216815f015896c601c703a71336ef31b36cbc489827f05d7c64b165c40300cbc224c297fe09f8fdbe594cf308cb08ff0b784e5c16332bb17581ef000bd13f2a7538ca144b081b0b4dc3ac497e0260cd980a9c4a58c33f525b14b3525b06fc2ff0657c109199453405388fd0e9a87f01391c8e15b18cf06a605dcceae42700568fd5814f106623fb17bf59ba9612b619fe029e236083f000c006b20af051e0e3c0587159ccac7e0b091b0a7d03982d2e8b25ca0300ab6524e1d7fe99c00471596c85c58403645ee98997aafeb9faef97137e09f61e413b9ff08818567c1954fffb3184bd1b0056eef973182b5674f4fefba1c0aac06a3d7ff6c6ea7dfece4f89d2311bf81a6130b0585c164b8c070056ad93700cef97f1bbc4765b023c093c0eccaafa7316f02ce18b3d2f67ca8f210c042601eb11268d4eadfae729ac1870587b3c017c86b0d570455c164b840700d66b1fe02c601b75410a6c31703f700ff0182bbee81f27bcafed9695acbd3a098383a98441c17a84e56c9b03d38111b29215dfedc02781ff5317c4f43c00b00d80af0247a80b5230cf11b642be9fd0e9de4738e06589b250393094f0f4693ae1b8e8cd7afe7953dc5f65e90ae014c240d44aca375479ad447824782afec5d58a6ee001e066e04ee06ec22ffcd794852aa009c096c016c0d6c04e84c181fbb0e62d06fe9bf003202faf97ccac051d845ffb4fa05fbb9cc7580adc46d801f108c2bb6ed3184b7875f505e08f7847ca66e319c2e15d1e4c9915d8e6c0dfd17738798ae7808b094f4a7624cc8eb7340d237c461f077e0f3c8fbefde429fe4a78dd6266053286b01e7829fa4e26f558085c059c0c6cd44c655b5236262c69bd1a3f21a8279612960d8e6ea6b2cd2c2d07136699ab3b9694e331e06cc2237d9f66585ca308af0cbe4e788da36e7729c7d3c03b9aab6633539b0c5c82be234931161066417f189fa656661b001f01ae24b40975bb4c312e06d66ab682cdacbd3a8013083b80a93b8f94e235e0e7c08178a73a7ba391c041c02f8039e8db6b4a311b781f9e246896b4a9c075e83b8c54622170396186f398e6abd54a6604e1d5d905c05cf4ed3895f82bb0610bf56a66117412263acd47df49a863017021e1fde5a8562ad58c3019ee08e0223c89b002cc231c10d6d94aa59a5936d6238cccd51d833296027f00de857fe95b3c2b01ef062ec52b6afe4278e2686622c750ee47948f10368159a7c57a346bd444e00c421b54df07aa980b9c88e70698b5d59a845f21ea0e40114b088ff8f7c11d8fa56106611969595f115c4d38dcc9cc227b07e1ec77f54ddfeeb89fb01bdf6aad57a15914ab1176217c00fdfdd2ee780938a4f52a34b35a4603e7a0bfd1db198b094bf776cda0feccda6937c22a82c5e8efa376c60ff1e45bb34c4d279c32a7beb9db15af110edb999c45e59909ad4198a752a6a776f7035b65507766a5d641986453965dca1e232c67f44c7e2b9a118449bb65793db088702f7b9e8e591356a63c13fd6e040ec36b8badf88600870337a3bfefda111703e333a939b392d8167814fdcd1b33ba08bbf4ed92519d99e5cd0cc23c81e5e8efc798310bd8219b2a332bb69328f6c4a165c079848358cc2c6caf7b3ec51e082c023e90517d9915ce4ac06fd0dfa8b1a20bf825de4bdcac3f1b03bf26dc2beafb35565c80e7f898bdce06c03de86fce18d14d78d4bf7566b565566c9b11be288b3a10b80b583fb3da32cbb1fd8057d1df9431e28f84f79c66d6b8cd09bb5e76a3bf97b38e57807db3ab2ab37ce920ec255ec4f77e7f04b6cfaeaacc4aed4d84a768eafb3aeb584ee803bd54d04a650c6164afbe01b38e5bf1ae7d66b1ec0edc86fe3ecf3a7e43d8e9d4acf02651bc9bf859c286455ec76f1657076143a1e7d0dff759c69dc0ba19d6935972b6069e447fb365154b085bf68ecbb292cc6c5063085b0c2f42df0f6415cfe2578756508753ac2d7d2fc73379cdd4d621ac1850f70759c522e0dd99d690995007f0598a3393f74e60cf2c2bc8cc5ab637c53930ac1bf854b6d563d67ec3809fa1bfa1b2889708eff987645a4366969521c087084becd4fd4516f1136068a63564d6262b0157a2bf89b2880b81d5b3ad1e338b640d8af35ae03a3cc7c8726622c598e9ff0c7048c6756366ed7100f004fa7ea4d5b80b989c71dd9845b101f008fa9ba695e806ce06c6665c3766d65ea381af93ff6d8567029b645c376699da017819fdcdd24adc07ec9475c59899d42ec0fde8fb9756e22560bbac2bc62c0b7b0273d0df24cdc652c22f851119d78b99a5611861ebdd3c1f373e1f784bd61563d68a43c9f74d750b303df35a31b3146d41d8b65bddef341b8b80b7675e2b664d381a5886fea66826ba083bf90dcfbc56cc2c6543093b09e6f530b2e5c0fbb3ae14b3469c4a7e37f899850fee312bbbddc9ef4a816ee0a3d95789d9e04e477f03341b17022b675f25669643e3805fa0ef979a8dcf665f2566fd3b037da36f26e61076f33333ebeb086036fa7eaa99f87c84fa307b83bc7ef9ff039816a13eccac38a6007f43df5f35135f8f501f66fff635f48dbcd158067c0eefe16f66f5190a7c917c4e10fc5a84fa30e32be81b77a3f122e1943033b346ed0e3c87be1f6b34fe2b466558797d097da36e346e233cce33336bd664e066f4fd59a3f1850875612594c7d9fe67e3b5fd66968d1184fd42d4fd5aa3e1d501d6928fa36fc48dc462e08428356166657734b0107d3fd7487c2a4a4d58e19d8abef13612b3806d63548499598fedc8dfc641de2cc81a720cf9dae1ef7a608d28356166f67aab02d7a2eff7ea8d6ebc6db0d5e930f2b5fce56b78899f99b5d710e02cf4fd5fbdb10c1f2064837833e1a4297563adb7417f304e359899d5e578c251e2eafeb09e5802ec1ba71a2cef7600e6a26fa4f5c45c60ff38d56066d690bd81d7d0f78bf5c47c60e738d56079b509f032fac6594fcc02a647a90533b3e66c013c89be7fac275e02368a530d9637ab038fa06f94f5c49dc0da71aac1ccac256b11362053f793f5c44c60629c6ab0bc180bdc8ebe31d61357f794d7cc2c556380cbd0f797f5c46dc04a71aac152370cb8067d23ac27ce261cd0616696ba21c0f7d0f79bf5c455b86f2d9d0ee067e81bdf60d1059c12a90ecccc62fa04f9d84fe5dc58156069fa1cfa4637582c078e8b94bf99593bbc97b06459dd9f0e1667c6aa004bcb3b08bfacd50d6ea058021c1eab02ccccdae848d2df2ba01b7867ac0ab0346c4b5807aa6e6c03c562bc63959915cb01a47f90d042c27e3056409380a7d037b281623eb04fac0a303313da83f4375b7b162fb52e9c31c0bfd037ae816236b053ac0a30334bc02ea4bf6be06dc0e8581560edd501fc2ffa463550bc821f3d9959396c03bc88bedf1d282e267c7758ce7d1a7d631a289e236ca3696656169b024fa3ef7f078ad3a2656f6db13f69cff87f16d8305af66666e9da90d007aafbe1fe6239f09668d95b541b12deabab1b517ff1123ed4c7ccca6d63e079f4fd717ff10a302d5af616c54ac0bde81b4f7f319bb024d1ccacec6690f6c4c03bf1a4c05cb9007da3e92f1600bbc54bddcc2c777604e6a1ef9ffb8b5fc74bddb27412fac6d25f2c06de1a2f7533b3dc7a33b0087d3fdd5f9c102f75cbc256a4bbdbd452e0a078a99b99e5de5b093f94d4fd75ad58845fdd266b02f018fa46522b96e37da6cdccea7118e91e20f428303e5eead68c0ee052f48da356740147c74bddccac708e27dda384bd4950623e8abe51f417a744ccdbccaca84e43df7ff7172745ccdb1ab039e9bef7ff71c4bccdcc8aee7be8fbf15ab18830e7cc84460277a36f0cb5e24a6048bcd4cdcc0a6f08f007f4fd79adb80f18152f751bcc39e81b41adb89db019919999b56634700bfa7ebd56fc2062de368077a0fff06bc52c60ad78699b9995ce24e049f4fd7bad382462de56c35ac0cbe83ff8be3107d83262de666665359d34cf7779099818316febe30af41f7adf588a4f8e32338b692f6009fafebe6f5c1633695be144f41f76adf860cca4cdcc0c80f7a1efef6bc5fb62261d43de3633580fb80b18ab2e481f5f073ea52e84598f11c0aa3db15acf9fabf4fcbb957bfe1cc68a89aaf3093baf4178c40af02ae135db2b55b1246aa9cdea771670baba107dcc252c0d9c252e47ddf23400e804ae07765717a48f3f02fb1376fc336b8721c006c026c054c2c078bd9e7f9e0a8c8b74dd39c013c0e3844eeef19e7890b00db7ef016b9721c0b5c0deea82f4f1174299bac5e5289c8fa17fc4d33766117e5d99c5321ad883d0fe7f0afc933437be5ad853b69ff494750f7c86bac5b53a6140aa6efb7de3e4984997d154d23b2b7a11b05dc49cad9c260207135e2bdd40ba27a3d513cb089ba59c0d1c034cc9b09ecc00b621bd01f10260fd9849974907701dfa0fb56fe46ec287256928b02be10bff36d23d0025ab788c302038983057c1ac5547a36fd77de3cfe4eb157bb24e40ff61f68d1f45cdd88a6e15e0fd84132c537bb2d5ce98075c4238f9ad7772a25933ce45df9efbc6f151332e814984d9c8ea0fb23a6ec6bf5cac71e3098fc12f27cd75ccea584e78e571223e6fdd1a3782f4b60b7e0d981c33e9a2bb04fd87581dcfe30fd4ead709ec47383f3ccfeff2db1d8b80df016feda943b37aac0bbc88befd56c74551332eb0b7a1fff0aa63196166b3d96026039f23ac1251b7dbbcc7e3c067094f03cd06b337e16992badd56c78151332ea031a4d7797e2e66c25608bb02bf27bd0ea808b18cf0246597ba3f0d2bab2fa16fafd531132f896dc859e83fb4eab881b0f184595f9d8419ed37a26fa76589db09f32986d6f1f958f90c056e42df4eabe3ab51332e90cd0907eba83fb0de788db00f8159b5e1c04984d1bdba8d96351e259cc1317c90cfcaca671a616b5e751bed8d25c06651332e800ec2af6df587551def8d9ab1e5cd50c2d2d459e8dba623c4e38425577e2260d58e45df36abe3af786f80011d85fe43aa8e5fc54dd772640861c39147d0b74b47ed78883060f7ca01ebf55bf4edb23ade1d37ddfc5a097806fd07d41b4fe2cd492cd813b8037d9b74d417ff22bd43c34c6302693dad7b9a30c9ddfaf83afa0fa737ba089dbe95db3ac005147f7bdea2c6e5845312addc7623ad95395f8e9b6efe6c405a1ba5f8032ab751c07f1236a451b745476bb190b02c6c2456665f45df167b63111e98bece65e83f94deb8054f262ab3bdf07bfe22c6437823af321b4638ae5add0e7be3f771d3cd8fbdd07f18bdb104981e375d4bd478e03b84d73fea76e88813dd84573aab6065b405692d31df3b6ebae9eb244cd8517f10bdf185a8d95aaade063c8bbefd39da13cf00076165f465f4edaf37fe49c997051e83fe43e88d07f07bc2b21945f8d5ef497ee58c0bf08cecb21901dc87beedf5466997058e049e40ff0154088f7dbdc778b96c01dc8dbeed39b4f100b02d56263b91ceabbec729e9f1f267a0affcdef86ee45c2d1d1dc0e984f91eea76e7482316031fa7e48f634be687e8db5d6f7c2272aec95905988dbee22b84a71063e3a66b891847987dab6e738e34e322dc1794c538c2a63cea3657015ea5649bce7d037da5f7c6db22e76a69d898b4defd39d28c87f04aa0b238107d7beb8dff8c9c6b32d60216a0aff00af0cbc8b95a1a0e27ad93c11c69c75ce030ac0c52392b601eb046e45c93f03df4955d015e02568f9cabe97d16cff277341eddc0a7b1a25b1378057d7bab00df8e9cabdc14d2d9f2f703917335ada1c08fd1b73347bee33cc22e72565c1f46dfce2a842d82d7899cabd479e82bb902dc4938ded58a692c7015fa76e62846fc89b053a415d310d259127c76e45c65a601cbd05770059ff4576493807bd0b73147b1e26ec2fc252ba6b7a06f6315c256c55322e7fa6fed5cf7fa13e0fd6dbc5e7f2e264c0ab3e2994af8b5364d5c8e54bc00bc4878c7f90af032f05acfbf5b06cceff9e79558f1987b6560d59e588d304f66cd369537758f02fb10960e5bf15c4a1aabc27e0c7ca81d176ad700605dc2cda37e97b618d88cb0fb9215cb46842fff42bf43ab613e6179e35dc0bdc063c02c421b5f94d13546118e2f5d8f30b8da1cd8b2e7cfb26da5fb246110f088ba2096b90d08f7d27071399610eeb367c4e5c8cc0fd03f5aa910ce84b6e2d91c780e7dfb8a1ddd840eea5ce038c2a0a7b3f5ea6b5a27617f85e3084ff8eea71c2b2e9e23b4392b9eb3d0b7af0af03fb1136d9749845f22ea0a7d96f0a8d38a653a6149a7ba7dc58a97805f0147918f65ab6b100ef9fa0de19583bafe627e2ede30a878c601cfa36f5f0b29c8abb76fa3afcc0a706cec44aded36a498c7f83e4b389f6257f2bd5a6508b01b61ef8f223ea17996f0d8d88ae504f46dab42781a916b2b1376385257e4ad681f955af6a690ce699259c47cc232d93d28665b1d02ec05fc8c747602cd226611e63859717402b7a36f5b73c8f9f2d34fa3afc40ae1979415c724c2242c75bbca22ee20ccf8cdf58ddea0f1c04984fd38d4f59f453c0c4cccb4864c6d4ff4edaa4238b934974690c6e3d9ab63276a6d3596f0a5a96e57ad4437f047e0e08ceb268f76052e27ff9307efa15c83b832f813fa76f534fa55094df900facaeb06b68f9da8b5cd50e01af4edaad958467804be69d61553009b013f0796a3ff9c9a8d2b096dd48a6127f46daa425865932b1d842541ea8abb3476a2d656a92c276d34ba800b09cbf66c60eb11b643cdeb40e0dcecabc48452d852fc0172362fe860f495d60d6c1d3b516b9b33d1b7a966e22abc5cac195b00d7a1fffc9a89dcbeb7b53798411aafa7f68b9d689652b8717f173d4b6b97b791c64dd8483c00ec1fa3324ae660c2243bf5e7d948740107c6a80c93b8047d9bba2a7a9619d9147d67dd4578a768f9b72161ff7af50d586f2c004e43bfed75910c073e451a1b8ad51bb3f11e0145b125e13b45d99ebac9c92bc41fa2bff97e193d4b6b8731e4eb64bfbf11b6c6b538a691c6ccec7ae36eca77564251fd167d7bfa6ef42c5b341efdc63fcb08bf1a2dfffe17fd4d574fcc23ac7a69e7e99a65d541d837212f9b09fd2a4e35589b6d827e62ea5cc256c5c93a05fd0d775ef42cad1d3e82be2dd513b7e201a7c226a4b15b5b3dd196a35d2dba0bd0b7a58f46cfb2491dc043682b67397eef5604d349ff7d6f37e17449bfebd7194ed82f5d3de768b05888e72415c1c6e8e7023c40a24f1adf8cfe46bb287a9616db08d2df22760e7068ac0ab0861d449874a76e1703c53dc0c85815606df307f46d69f7e859362185f7b53b45cfd262fb6ff4ed68a07800efe497a20d497fc2e837a3656fedb21bfa7694dc24f7d58125682be5c6e8595a6c6f21edc7b997032b45cbde5a359670f687ba9df4175dc0ded1b2b776b9056d3b5a04ac1a3dcb067c12fdcde547b2f9361a780c7d3bea2fcec5fbbce7c110d2de32fa713c88ccbb23d0b7a353a36759a70ef43b753d42b8f12dbfbe8dfea6aa15ddc02722e66d719c49ba4f93fe2b62de16df10f43f561e889e659d5278277252f42c2da61dd0afb1ad155dc00911f3b6b84e443f6bbb562c07b68b98b7c5f751f4ed68c7e859d6e127682be115bcdb569e0d05ee407f33d5eaa48f8d98b7b5c7bb099b83a9db53dfb80b2f21cdb3d1c0cb68dbd08fa2673988d1842551ca4af872f42c2da633d077c67d63197078cca4adad8e20cd274c1f8f99b445f79f68dbcf6cc44b4bdf5ba350ed8cc5c0c4e8595a2c6ba21f40f68d2ee0a898499bc4d1a4f73a600eeebff26c4df41b961d193dcb015cdb4fa1da153f8f9fa245f453f49d70757413f6f4b762fa10e94d0c3c3b6ac616db2fd0b69f2be3a758db64f48fd5768d9ea5c53283f47e919d1935634bc167d1b7b3ea580e6c1d35638b6977b4ed6719a2a748a73651d82ce3fef8295a447f47dff956877f8995476a4f9eae8f9bae45d4013c88b6fd9c1c3dcb1a6e6db2b05945321b2158c30e46dfe956c73578939f3219065c87bedd55c77e5133b6984e43db766e889fe2ebad8ff65dda6260b5e8595a0c1dc0bfd077b8bdf100899fb16d518c47bf815975fc93444f79b341a9b7c2ef06d68d9e6595cf4448a291f875fc142d92c3d177b6bd318f70f4b095d326c05cf4edb037de1e375d8be842b46de7f4f829ae7077a424ea8dbde2a76811741236405177b415c2a8f988b8e95a0ebc0b7d5bec8d7b08f788e5cf5bd0b69ddbe2a7186cdaa684fa8b47f0a3b2bc7a37fa4eb637be1d3957cb8f940e0ff2a0349f3ad19f0fb041f42cd12fa339237e8a16492aeffeef054645ced5f26324faa79abdd1b65f729639f5abf1b6bc06b84d945c85b0e671adf8295a047ba3ef5c2b8409a45b46ced5f26773f4bbbaf5c69e7153b54826024bd1b59b9b6227b80edad9ff97c44ed0a2b9127dc75ac1cb47ad7fa7a36f9f15e0f2d8895a3497a16b375dc0a498c9a98f407c67cce42c9a4d48630bd65b0867799bd53284b01c4fdd4ebb81cd22e76a71a8cfc7f950cce4fe2c4c6c01b052cce42c9a73d177aa4b088f79cd06b215dac7b8bd714eec442d8ab1c04274ede6ba5889ad82f65ced0b632566518d03e6a3ef50bf183b512b8cafa16faff3085f26963f17a36b374b81093192522fe17a478ca42cba0fa1ef4c9f0246c74ed40a6334f004fa767b62ec442d8a77a26d375196925e204c681e5eb69557b7a3ef483d77c41a7514fa76fbcfe8595a0ca3d13ef53c2feb843a81178409fd2aeb84ac2db643df89de84378eb2c675100e5951b7df6d62276a51fc165d9b798e8cfbbc370993a9e03db2f3eac7e83bd09da2676945b52bfaf6fbfde8595a0c87a16d3733b24ce68bc244e61076eab27c1906bc8cf626b8227a965674ea63835fc44755e7d148c27797aadd7c36cb646e1526f2f32c13b1b6d90f6dc7d94dc6a3602b25f5d3cf0ae1a019cb9f5fa26b33376695c4cac072612207669588b5d5cfd0769ade35d2b27205dab67c6efc142d82b7a16b33cb084bb05ba67c97311f3ffecfa3e1c02b683b4dbffbb7acec8eb62dbf4ab8a72c5f461136b053b59b83062b603d674fbfb98eff4c2c7f211cde62f9b22f61e328959b809b85d7b762f91be135a8caca84c3b42c5f1611da8eca3e83fd07ea19000cfa3f12d1d5c26b5bf30e165fffbfc4d7b7e251b7a9417fcd5992ae115ebbe541e3da681f7d4d6b35019350eea2360b1ff863d91b023c89ae5dcf8c9fa245b011ba36d34d38a2b85f833d01d8ab8144b3f630f098f0fad69ce9c0bac2ebff94702ca65996ba88b0c35a03d60336165edf9aa3fc1eeb6090eff0c10600bb67579686f9f17f3eed2fbc761770bef0fa566ceac1e57ec26b5bf394af01761be85f0e3600d835c382344a5969d63c65277515e1e01fb3189e22e271ab75500eaead79c90e0006b23ae11d82e2ddc5427cf84f1e8d20cc7c55bdf33a327e8a5672ef41d7be17e0e5807934065dbfd8c5002bb2067a02b02bba4354ae275498e5cb76e8f66d58085c29bab695c7a5842f6285d1f870a03c5a00fc5d74ed4e60e781fe657f9a7e7490013ffecfa75d84d7be0c5dc76ce5b1006dffa47c2d6bcd4bf235c040030065677eadf0dad6bc7e479a6d7091f0da562e170aafadec97ad79b91a348e20ecc0a77867f17c53299a5a07e1e432459b59028c8d9fa21910f6585f8aa6adbf88eed5ac354fd93f2ea29fb923fd3d01d88a300850c8ec14236bab698489a30a3700f344d7b6f2998b6eabe9d581f545d7b6e655085b942b8c04b6a8f52ffa1b00bc295e59067583f0dad63ce5e424ef1961eda67ca4bb95f0dad63ce58fdb1d6afd657f0380ed22166430aa5192b56673e1b53d67c4da4d3900d852786d6b9e7200b07d23ffe107d1bcab5888d7b9e6d51fd0b49957a9ef502bb32c7502afa169f317b7213fcb9e729f947b6b15a856c7390ed8b0c5449b752b61728de54fcd774c6d703361c32ab376ea06fe21bab6ea5eb3d62c016e135d7b536a4c94ae3500d8ba9fbf6f074f00cca7b184c34a14dc664c45d5f6a6117697b3fc51b5994e6abc3aaaf545af9c60e2f7fff9b421baa549aad9d866aafeaa13d840746d6b8df207cbd67dffa2bf27000a15dc99e795ead73fc0ddc26b5bb9dd29bcf654e1b5ad7937a27b65f9861ff7290d00ee234ce8b2fc992abaee53c02ba26b9bbd023c27bab672d06dcd7b15784874ed4107004381cdda539637f0affffc9a2abaee3da2eb9af5523d81f20020bf54af8e36078654ff45df01c026e84e73bb4b745d6bdd54d1756b2e6d316b23551bf40020bf54df75a3e9b3a62e51f00000200049444154c2afef00607afbcaf2067e979b5f5344d79d29baae592f551b54dd73d63ae593cbd77dc7f71d00a81eff57f0e3dc3c5b4374dd59a2eb9af59a25baaeeadc0d6b9df2c7eea6d5ff4fdf01c0a6683c41d855cbf2a703584574edc745d735eba56a83abe25301f3ea55e069d1b5071c006cd2c68254f3bbdcfc1a070c135dfb49d175cd7a3d21baee707c04769ea99e78f73b0018826e0b60e57a5a6bcd6aa2ebce05168bae6dd66b21b04074ed5545d7b5d6a95e036c4cd5f77ef500607d742b00fcfe3fbf549dd0cba2eb9af5a56a8b1e00e497ea3b6f34b06eefff533d00d8a8fd65f9370f00f26b9ce8bade00c852a11a008c175dd75aa79c08b871ef3ff47d02a0b0187844746d6b9deaf8660f002c15aab63842745d6bdd83e84ebefdf7777df500609aa02010b6005e2ebab6b54ed5092d125dd7ac2f555b540dbead75cb800744d74e6a00e01500f9a6ea8454a367b3be9688aeeb2700f9a6faeefbf7777d0a0380c744d7b56ca83a2155a76bd6976a30ea2700f9a6faee7bc313800e74fbb97b33977c53ed01b04c745db3befc04c09aa1faee7bc31380b580519ab2783bd79ceb125dd7bba0592a6a1dabde0eaa7bcfb2a11a00ac44cf56d2bd0d771d5141c04f00f24ef5ebc78f3f2d15aa5fe2de082bdf6609afbd36ac1800ac2d2ac412e039d1b52d1baa4ec803004b8557c258339e46f72a731dd00f009e00ba45d7b66c78006065a76a8b7e02906f5dc053a26bbfee09c06451216689ae6bd951fd0af14128968a9544d7f50020ff54afc0937802e0f7fff9a79a03a03a84c8acafd545d7f52b80fc9b25baae9f005826549d900f42b154ac22baae9f00e49fea47f0eb06006b8a0a314b745dcbce1cd175fd04c052a16a8baa7bcfb2a31a00ac012b06006b880a314b745dcbcef3a2eb8e042688ae6dd66b1574930055f79e656796e8baff1e000c47d7913e23baae656711ba5f225344d735ebb59ee8bab3f12b8022785674dd5580a19d8491806a57351fe95a0caabd1c549daf59afa9a2eb7aff9462507d077602abf60e001416010b45d7b66ca93aa3a9a2eb9af5520d423d00288679e85652add1896e028b7ffd1787aa33da50745db35e1b88aeebf7ffc5a1fa2e5cbd13dd72aa9745d7b5eca906005b88ae6bd66b4bd17555ef8e2d7baa01c0aa9dc078d1c5fd04a03854db596e814f05349d0e60bae8da4f8bae6bd953fd181edf896e05809f0014c783a2eb4e00d6155ddb6c3d609ce8da0f88ae6bd953fd189ed089ae01fb094071dc2fbcf636c26b5bb96d2dbcb60700c5217d02b0b2e8e27e02501c4f1366b32aec22baaed9aea2ebcec57ba81489f40980e70058ab2ae85e037800602aaab6773fe19eb362900e0054c7aa7a00502caad700db12b605366ba7d1e85e3ff9f17fb1a89e868feb0446892e3e5b745d8b43d5298d0076125ddbca6b176098e8daca3937963dd577e1a84ec2485641b5fb91c571b7f0dafb09af6de5a46c73ca7bcdb2a73ad361b4070096959b816ed1b5f7175dd7ca4bd5e6ba815b44d7b638968aae3b4af90ac0038062790ddd6b802df07e00d63eeb009b8aae7d0fbad3372d8e520e009689ae6bf1dc28bcf6c1c26b5bb91c2abcf6cdc26b5b1caa1fc3a3fd04c0b27493f0da470aaf6de5a26c6bca7bcce2507d178eea443793d50380e2513e01d815982cbcbe95c33ac0cec2eb2bef318b43f50a606827d029bab85f0114cfa3c08ba26b7702ef105ddbcae3087407503d0fcc145ddbe251fd181ed2090c115ddc4f008ae97ae1b58f175edbcae138e1b5ff22bcb6c5237d02305474710f008ae94ae1b5b706b6135edf8a6d47c28a1395cb85d7b678540300e9130055d216d7954097f0fa1f105edb8a4dd9b6ba806b85d7b77864af00206c2c5111846ae061f1dd88a64d550827a5a98eb8b6e21a4f38f152d5aeff163f45131982a64d75a92600826ed7388b4ff91a602c7e0a60d9fb20b092f0fa5708af6d71494f765c8e66f4a19a7b60f16d89ee975205780addf2562b9e61c09368dbf466d1b334956168dad4d24ec20040c10380e2ba9bd061aaac8d3706b2ecbc9bb0fe5f65263e01b0c854df855d9de8266c790e40b1fd567cfd33d0ed7161c53184d09694d4f792c5a5fa2eec02ddc496b1f1f333a1e9681f9956807746cfd28aee28f4ed787af42c4d69029a76f51a3dff4771f10959d49c25ed5f683bce87f0ab266bde10e041b46df8d6e8599adaaa68dad62b9de8b6e41d21baaeb5cf05e2eb6f04bc575c06cbaf63818dc565f885f8fa16df70d17597836e76eb7af1f333b135081b3e297f413d0d8c899da815ce4ac03368dbee3260cdd8899adc0668dad7e39dc0a2362458cb68d175ad7d5e04ae13976132fa495c963f9f012689cb7015f082b80c169feabb705127b0507471ff2a2b87f3d405004e03a6a80b61b9b13e708aba10c0cfd405b0b6900e00fc04c062ba14fd11a6a3801f88cb60f9f16d60a4b80cb3f0e13f65a1fa31bcd003008bad8b34be7c0f249ce56e3690f7006f531702f81fb4876a59fb94f21580f701288f9f12f69b50fb2eb08aba1096ac5509bffed5e6e2c7ff65a23a63625127a1b129ac2cbaaeb5df1cd2e8d026127e5999d5f25dc2ca15b5f3d0f5cbd67eaaefc2b99df4ec0624e00140b9a4f248f368c2deee66d58e203cfe57eb02bea72e84b595eaa9e4ec4ec2af33050f00cae571d299d4f443605d75212c19eb01e7aa0bd1e30fe827cd5a7ba976c59de30180b5d317091b50a84d20ecb0e66d826d18f04b60bcba204037f0257521aced54df851e00585bdd095cac2e448fdd81afab0b6172df02765617a2c7ef0847695bb9ac2abaee6c8077a1d986f0faf8f959823623ec41addc62b537ba8123e3a66b097b0ffa36d81bcb814de3a66b89fa1b9a36777827f06a1b12ac65a2e8baa6753ff01b75217a741096286ea12e88b5dd56c039ea4254f935f080ba1026a13aefe15580add18c3e66c7cfcf12b501fa4382aae36960eda8195b4a26014fa06f77d5bffe378a9ab1a56c2e9a76b739849b41d5f0d5db6d9ace39e83bdeeab81ddd861cd63e63813bd0b7b7ea48e94984b5d76874ed6e4d08b360bb450598da72f5595ead49d88342ddf956c71584fbc18a69187035fa76561db3f191bf65b63e9a76d7050ce92dc42ba242ecd862e559be9d82be03ee1b1751756358610c21cc3d51b7afbe7172cca42d79bba069772f5617e20151210e6ba5e62cf78612963da93be1bef113c204412b860ec2f6baea76d537eec27b5194dde168dade7d009d3d8578dd68a08dbc1b5bb92d27fc02aaa80bd2c7fb09dbb17a10907f1dc0f781e3d505e9a3027c84700f58794d115df705583100785a54080f00ecafc0ffaa0b51c387f16e81793784f034e72475416af825f07775214c4e3500781af4030055f29696d3d0ed483990f7123a6a4f0ccc9fe18481e5fbd405a9e135e00c75212c09aa1fc11e0058329e054e5517a21fef042e232c1fb37c184758d171b8ba20fdf818f09cba109604e913805e87a19988a09a7b6069ba18fdc4acfee21efcca2a0f2691de3affeaf843bcd42d8766a36987075517627b51212af89795ad301178097d27dd5f3c056c132d7b6bd50ce019f4eda4bf781158235af696372ba36b8bafebc7d612166446f3f567057404fa8e7aa058081c132d7b6bd6f1c022f4ed63a0f0b267abb603bab6b85a75413a081d9ba220ef6abefeaca07e8dbeb31e2cce264c3433ad11c077d0b787c1e282581560b975349ab638b75661ee1315e63f9aa9392bb49581c7d177da83c52dc08691eac006b731701bfa7630583c064c885407965f5f44d31eefec2d40ef2a00809951521cdc06a2eb5aba660387101ee9a66c07c26e6e1f5317a4848e217cf9a7fe0a7131e1b5d66bea8258725427403e56eb2fbf8dee5794592d27a0fff5566f5c4c98c46871ad055c82fef3ae3752db81d0d2a17a7af5cd5a8539b9c9ffb156630ede72d5faf753f49d78bd311b3811b7e7183a08bffa5f46ff39d71b6747a9092b824e603e9a76f9ff6a15e80051612a784320ebdf28d25ed75d2bfe0c6c16a3324a6a73e02fe83fd746e236606484bab0629886ae6dee5bab401b080bf4ba4d09ccfa9886eec8ea666319f05d609508f55116ab023f20d4a5faf36c245e02a6665f1d562087a06b9f536b156808ba75b467365c7d5636bb91fe3aef5af132700afe35d88851c0c7c9dfa0af42584ebd73f6556205f33934ed7301af9ffcff3aaab3d97fd960e559391d0174a1efe49b89170807c07820d0bfe18439144fa3ffbc9a892ee01d99d78a15d16fd1b4d1db072ad4ff8a0a7557233567a5f609f41d7d2b318bb06c70a58ceb25cfc6120e837a12fde7d34a9c9275c55861a9f6dd19f0c7f6e745855a8a7f1959fdbe8bbeb36f355e05be4638bca6ac26035f4777204a96f13f19d78d15d76860399a76fa99810a76a4a85015c2a62a66f51802fc1e7da79f452c239c1077604f5e45378430e9f752f237b9afbfb88801deab9af5b133bab63ae07914d385053ba9fefa3363047025face3fcb788af05460eb0ceb2915db02df20bfeff7fb8bcbf19910d618d59e3b15c2f6d9fd1a8a6ea6f579f5d79f1910060157a1ff1288110f015f263c19cbe3afcb4ee04dc0578087d1d7678cb882d006cd1a713e9af6ba803a9e32fe5354384f04b4668c04ae41ff6510335e244cde390a58279b6a8b625dc20967bf22ac8557d75bccb80a7ff95b73ee41d366ff514fe17e222adc32c2e408b3468d02ae43ffa5d0ae78927064f247805d81f1ad5761c32610f6663819f80de1f585ba5eda1557e349cbd69c31e82600be616beaa1350aa8fa253e14d81ef8abe8fa965f8b80b71326d3d5dce6b260d601dedd13bd661196163ddaf3cf8ff7fcf92261439da50d5e63386127be3580f508bb87ad47d831743ae5ddbefb6ac244aac5ea82582eed806eb2ef1bbedb6b0d00eeacf177edb2331e005873160107130e0f3a4a5c1685a90cbcfdec3cc2ae847309bf4096f7fc1d8475f8437b623ce18b7f6ca472e6d90584132a97a90b62b9b58bf0da75fdb81f876eb7b52b5a4ed1caae03380bfd636247b1e26bf894476bddd568da6f170d0ceaef1715f255f239e3d9d27332f9dd36d8914e7403a761d6ba4ee03534edf89efe0a54cbadad64d9829519649da2599dbe071c8edfd55af39610e659fc97ba2056089ba399b00b704badbfec6f00f0cf880519ccaec26b5bb15c02ec033ca72e88e5ceb3c09b0987b6986541f9dd765badbf4ced0900c09ec26b5bf1dc086c055caf2e88e5c68dc076c04dea8258a1ec25bc76cd2700fd194e7874aa7857f13c9e6c63d91b4a387846fd4ed991769c8db7f6b5ec75a0db1c6b1130acd102ff4354d80ab059a38535abd371e8b6bb76a41b0b8163308b632b746dfb86fe0a35d08cfb7eff4b6df066e1b5add8ce27acc57d505c0e4bc78384367181ba205658cac7ffb91b00282bcb8aef5fac389dae5b5c16d3a900e710def7df212e8b159bf247eddf9bf92fad46e81c158f2c66537b9742b3acbd85e21d51eb183c9e070ec22cbe61e8d6ff7701ab345b70d5864015b45b265ab94c209cb6a7fe5272b4272e22fcc0316b87bdd0b5f501b7ff1d6cd7bda61e1d64647fe1b5ad5c960337b3626f7c2bae798425a1de20cada653fe1b55b7a957f14ba91cbedad14dcac0e5309bbbccd46ffabd4d1de980d7c93810f5032cbc2dde8daf9bb5a29f86461c1bb8189ad14deac1fbb0317a33b97db914e2c27bc12d80db3ecad8dae6d77036bb69a80721ec0b1ad16deacca018447fdea2f1d479a71137ef568d9fa00baf67cf76085abe7e4bdffab27cb48de2ebcb61543077030612bcc2b811db5c5b184ed045c05dc091c817724b5d629bfc3fe94c5ffc8a1e846300b80d1592461a5d349f8e2bf0dfd2f4b473ee31ec2ee8043306bdc4a68771d3d308b2426a07d57eaa700d6a87d089bfda8bf401cc588fb084f04cc1a7104ba36bb0c18975522b70813f959564958e16d07fc19fd1786a398f147c20e9266f5f805bab69ae94ebe5f1026f232de15d006b62ee114b72ef45f128e6247377021300db3fe0d035e45d74e3f9365323b0813a9007b67998c15c658c23afe25e8bf181ce58ac584b32456c2ec8df645db3eb7c932994ec2ded9aa64cec932192b84838127d07f1138ca1dcfe06384ed8dce43d7269f25c20a969f0b137a15189e7542964b1b01d7a2eff81d8eeab81e988e59f8ae7a055d5bfc69bd05ad671f805e5735f09fcddacaf83540d98d01ce02ee253c5e334bc99e849527df20b4552bafb7d2c2097c19b83ac6ffe8ca84a505aa51cdf93192b25c78333013fdaf3c87a39e788c3020b072529e2cba14181f2bb13f09137b0d18192b314bd238e0478499d7ea4edde16824ba811f1226aa5a798c02e6a26b77d73652d8465e0100fca1c1ff7c96c613267e5939ec4bd889edffe12d592d7f3a800f11daf05bc465b1f63914eda0eff731ffc7d746fb6bec8a98c95912c6023fc1bffa1dc5896ec24a262f192cbe6bd0b5b32e60add809de2a4c70593b12349919c0c3e83b6c872346ccc4875115d924b4dbe637bcfb5f333bec5d026cdfc47f2f0b4381f700df125ddfe2e8004e03be82977b366b09f034f01c30bb462c261caeb5b4e73fbfb0e7bf03308215876e0d27cc621f4998f8db372601937bfe3bd698f580bf029f02be4de8b4ad388e467b7054c3afe89b79b7ba09f04013ffbdacdc036c29bcbe656b22618f092fed1bdcd3c0833df1306123a4a7099bd1bcd0e6b2ac497825381998026c4ce81b36e9f93b1bd835c071b4ff73b378ee0336135e7f1ae129537477a27d94b643fc14ad0dde4ae800d58f66538b45c03f80ef03c7139eb86576b2571b8c2394f97d841cfe81f658d454e379c2c995967f3ba26d4bb7c64f7185332325516f9c1f3d438ba903f8343ebca73766124ebd3c01d89a709048d10c23e47602e1fe7d1c7dbda710cb8133f04a97bc536efd5b013e113fc515d6433b4b7b11b05af42c2d86b184a52aea8e57198f133a8c6308271996d514e058c2e06716facf4519bfc3ab04f26a3c617e8daaed7401eb44cfb28f9b3328782bf1c9f8295ac636226ce5abee6cdb1dcb81db08c76acfc0bff6fab33ef031e08f84c98aeacfadddf120b069cbb568edf611b4ede66ff1537ca3539a2c6c56f1188d6f64643a870073d077b2ed8a4584271def45bb2f785ead0a1c455875b418fde7d9ae780d6f78963777a16d331f8e9fe21ba9d73c568003a3676959f824e5d8d86739612bcee388b81f77094d204c86bc167d9fd38ee8a2cdef74ad693ba36d2bcb082b722494bb1e55802be3a7682d184ad8cb5fdda1c68e7b088faed7c8a6da6c006b10eafa1ef49f7becf801da75e536b8dfa06d23d2dd71dfdd4fa1da15ddc086d1b3b466ac045c8ebe138d158b800bf1322ea519c0d9c03cf4ed21565c4bbe968096c924f473550e8f9ee5004611de59292be0ace8595aa32611ce4657779e31e241c20145ee94d3310e380978087dfb8811b713ee294bcb97d1b68b57496047ce73d056c2cbf898e0944c079e44df69661dff071c84279ea6ac933081ee7af4ed25eb7802ed2e73f67a23d06f62f6c3e859d66157f437c7b1d1b3b47a6c4f1890a9db4356b11cf825b04d9695646db12df02b8a3569f02560bb2c2bc99a761cfaf690c4c1521de81fbddd83d756abed05cc457f536411cb08e713787e49fe6d045c4071060273803d32ad216b5427fafd4cee8b9e65034e477f63bc2d7a96d69f8308a7cba9db40abd14598d8b771b6d56309588f30617019fa76d66a2c060ecdb67aac0187a26f03a744cfb201aba3dface31fd1b3b45ade45313ad58bf02ffe32d898626c45bd143822e3bab1fadc8af6b35f44d8282b29eaf5901560efe8595ab5c3c9ff97ff3f81ddb3ae184bde8ec00de8db5f2bb19cb014dbda675ff49ffb2fa267d984bdd057cc9fa36769bd8e24df5ffe8f139e5e78ee48797510be4067a16f8fcdc652e0b08cebc5fa773dfacf3cd91f2cf7a3af9c9da36769ef40bf01462b1de677f0c96bb6c228c2414dead798cdc672c260d6e2da11fd67fd0009ff68511f1054012e8d9e65b91d427ebffcff8427f859ff3621ecf7a06ea7cdc4527c88506c57a0ff9c3f1a3dcb168c47bf2d6737b045ec444beacd840928ea9ba0d1780e784f84fab0e2e9209c42a8dee4a5995848c28f87736e6bf4079acd21073b907e1ffd8df0abe85996cff6e4739dff85c06a11eac38a6d0261d9a0bafd36f3253123427d94dd6fd17fb6ff133dcb0c6c48584fadaca8e57849579636049e477f0334122f223e28c30ae108c20e7ceaf6dc48bc44789d61d9d800fd4652dd844dad72e15af437c1f9b1932c897580a7d07f9e8dc4c5f8685ecbce9ac025e8db7523310b1f2094955fa0ff3ca5c7fe36ea40f415b61ccf0568d558e02ef49f65bdb10038214a4d98c107c9d78e97ffc2ab5d5ab535fa27da15c2fe03b9d141d8ab585d6957c64eb4c0860097a1ff0ceb8d07802da3d484d90a9b0277a36feff5c655c0d02835510e293ccdbe9b8497fef5e7fde82bae4298b96e8d4b613267bd710130264e3598bdc128c25e12ea765f6f9c13a71a0a6f4ff49f5d05383a729e518c009e455f79b790c3d193d869e83fb77a622161c99699c2b1e46759eca991eaa0a83a80dbd07f6e4f01c322e71acd99e82bb0820fcd68c4bee867bcd6134f033b44aa03b37a6d433eb612ee020e88530585f46ef49f5905f878ec44631a07bc86be121f038647ceb508360466a3ffbc068b1b808991eac0ac51ab918f1d045f252c69b3810d071e45ff79cd216cae976bdf425f9115e0a4d889e6dc58d298b83958fc180fe62c3dc3c9c7c641f7e0950183f928facfa9027c3d76a2ed30913496cebc480eb65114e9007e87fe331a28ba0907b698a5ec63a4b16c6ca0b804cf8beacf58d2d8f46c0105dacbe47be82bb4027c3e76a239f529f49fcd40b1189f7666f9f11ed23f59f093d1b2cfb72fa3ff6c2ac07fc74eb49dd60196a0afd479c0e4c8b9e6cd6ec032f49f4d7ff12a3ee0c4f2674fd29e4fb3141f9dded7bac07cf49fcd220ab88b632aefc72e8c9d688eac46dadbfc3e4dd878c52c8fa693c652e8fee24960d568d9e7cfefd17f2615c21e2c85338574ce91f77298f00ef052f49f457f310bcf58b6fc9b4a5885a4be9ffa8b2bf17c0080b7a2ff2c2a84efc82991739539177d05578087819191734ddde9e83f87fee221c26b23b32298023c82febeea2f72bdd63c03a3486790f6c3c8b94aad4b3a9363fe2372ae29db9a34e664d48afb29e0fb2f2bbd89a47b86c06260ab78a927ef4be83f830ae1ddffda9173954b650fed45c0b4c8b9a66824612db0bafe6bc53d8479096645b4066180abbecf6ac55d84eddbcb6643d2f951faadc8b9266175602efacaae00d744ce3545ff8dbede6bc523c05a11f3364bc19ac083e8efb75a7156c4bc537515fa7aaf1056a81566ddff60be86bec27be3b0c8b9a66437d2dca4e449c26429b3325807781cfd7dd737ba08cb17cbe29de8ebbc37be1439d7a4ac4c58dfadaef4de2f9f326c8d3996340f2d791a583f5eda6649da10780efdfdd73766528ea3b5c712fa1e757d578057800971d34d4f4a47ce96e1d1572a732faae35560b398499b256c0bd2382cad6f146a17ba7ea4f42ab49447350f279da517cb28f6d1b26f22bd237e97007bc74cda2c07f6209d4968bdd145b177099c413a7bd2cca49c932f01782ffa0fa0371e20ac072d9ae1c0bde8ebb73aba81a363266d9623ef22dc13eafbb23aeea698a76e8e24adfef0c8b8e9a6ad13b80dfd87d01bdf8c9baec4e7d1d76bdff0412466aff769f4f765dff85cd48c35527af4ff0fbc0b237ba1ff207aa30bd8356eba6db501e93d5e3c3b6ac666f9f513f4f76775146daf943d486b15d46e71d3cd8f4bd07f18bd31933043b408ae405f9fd57123c57cac68968561c0dfd0dfa7d57159d48cdb670c696dc7ec43e9aaac4f186daa3f94def841dc74dbe2ede8ebb13a9ec55bfc9a0d6622e92c4feb8d83a266dc1ea99c465b0116e27d4fdee02be83f98dee806f68b9b6e54a3084f32d4f5d81b8b28f62a0bb32ced485aafee1e25df87a7bd85b426597e216ab6393586b4cea67f12181f35e3783e8fbefeaae3d8b8e99a15ce07d0dfb7d5f1d9b8e9463381b49ea83c018c8e9a718ebd07fd07541de747cd368e49c07cf475d71b3f8d9bae5961fd02fdfddb1bf3c8e7591d29d5610538226ebaf9d601fc15fd87541d8746cd387be7a2afb3deb89f726c2b6a16c358e061f4f7716ffc386eba993b1c7d9d55c7ffc54db718a693ce2e4d156036f9d9ab7e53c2ae86ea3aab10de616e1d375db3c2db927426482f27f4cf79308db4b6595e42e89fad0e299d165801fe493eb66bbc127d5df5c6499173352b8b53d0dfcfbdf187c8b9666104696d305701be1c35e382194d7ac7657e3f6ac6addb137d1df54651d60e9ba5a003b81afd7ddd1ba96f60f323f475541d8f51cc6de6a3da0ffd07d737de1b35e3d6a432776236303972ae66653389748e504ff95df691e8eba76f1c1835e302bb18fd87571d7308e778a7661ff475d31b290f92ccf2ec38f4f7776fec1935d3e66c0ccc455f37d5e11dff5a30917446bdbd7137e93dce4965fbd04b63276a5672a96c9b7e43ec441b3412b8037dbd54c72bc09a31932e83f7a1ff20fbc63951336eccbee8eba302bc841bbb596c29bd0ad82b72ae8d380f7d7df48d63a3665c121dc075e83fccbe7154cca41b7013fabaa800c7c74ed4cc00f820fafbbd4298779482e3d0d745dfb82666c2653395b01395fa43ad8e79e8d7c4ee8ebe1e2a84c781a53fd7daac4d3a0967c9abeffb0ab053e45c07b325b0007d3d54c75c604acca4cbe864f41f6cdf9809ac1e33e9415cde4fb9da19cb0837a199b5cf36848d79d4f7ff25b1131dc09ac0ac1a6552c78723e65c5a9d84e527ea0fb76fdc806693a04d81ae26ca9b757c2b76a26656d377d1dfffddc066b113ad6124e9bcfeac8ebf11beab2c82a984a578ea0fb96f9c1f2fe57efdacc9b26619cf10f62b37b3f61b073c87be1f383776a27d7490de213f15c2d6c35322e66da4b92aa0029c1933e93e2611f69656e7fcbed8899ad9804e44df0f2c262cd96e97cf44caa3d5383666d2b6426a1b0455088fe30f899974952fb529a781e22e6048ec44cd6c4043807bd0f707ff113bd11e8791c6abcfbe918733120a6375e005f41f7adf58086c1f316f80618447efea5cf78d9ca799d5e740f4fdc1b384be29a66d80f909e4da375ec47ba0b4dd21e83ff85af124b056c4bcdf9d408ed746cccfcc1a97c204e92322e63709783a811cfb46377050c4bc6d003f44df006ac52dc4db2ef806716e5dc056917233b3e66c47f83252f60d7f8994db28c291ecea7ebd567c3752ce568751c0bde81b41adb888ecdf916f9d485e66969e4bd1f70f9b679cd310e0f709e4552bee222c173de6d700000eb1494441544734a1e98477efeac6502bce27db1df2be27cea71bfffa374bd5b6e89f02fc7786f974109618aafbf15ab108d822c35cad051f46df20fa8bef6494e370c2813bca5c7e9f512e6616c71568fb8817c86e32e059e25c068a1333cad132d041ba8f892ac02733c8f170710edd8459b86696aeedd1f777592c873e33813cfa8bdf66909f656c3cf028fac6d1df97e7092de6a71ed95fd662f9cdac3dae42db575cda62f94f44ff2aa3bf7808ef7e9aac6d08ef66d48da4562c07ded1645e6b110edd51967f8f26cb6e66edb537dabe6229cdaf8b3f82340e39aa150bf07bffe4a5b035667fb104d8af899c4e1597fbf626ca6c663a77a0ed334e6ea2cc7b13b61556f7d3fdc5714de46402e7a36f2cfdc502609706f3519ffdfdde06cb6b665ac7a1ed336e68b0bc6f02e689cb3c50b4fbc0236bc118c21a4d75a3e92f5ea6fe474953d1be0f7b86b002c1ccf26304f03cba7ea31b58a7ceb26e09bc222ceb60713bf13676b348d627ed46f51261639fc19c2e2ee7a7eb28a399a5e7f368fb8e8fd751c66dd02f6f1eac9f9e52471e96a0bdd14f9e1b2866131e7d0de47661f99611f75c03338b473d79f89641cab72de169a8ba1fee2f96e343cf724ffd0b7ab0980decd84fd9a78acbe68d7fccf2ed3274fd4737b06e3fe5da11784d58b67ae2d47a2ad8d2f71bf48d69a0980fec55a3dc1f1597eb807a2bd8cc92a43e35f5a41a65da0598232ed760f1ab7a2bd8d2371ab80d7da31a28e6017bf629f7b5c2f23c45f6871999597b0d059e45d78f5cdda73c7b127ef0a8fbdb81e2563ce9af70d6227ca9a91bd740b100784b4f795742bb26f64b4dd4b199a5e7abe8fa91c5acd8396f0fd25eea5721ac7a5abb893ab61c9841f8925537b2816211b03f7098b81c1b3659c76696964dd0f6258711fab4547769ed8df9f8bc93c23b0ce842dfd8068ac5c0bf84d7f7ce7f66c57227bafee45fa4bdc35f85f09df0f6a66bd772e5d3e81b5cca717af3556b6609729fe73ecfaafc007da34b31ba09cb0fcdac38d627dd13f6d4714e0bf56a393504f803fac6975adcd44aa59a59b2525f09a5882b082b254aa9535d00a12ee028c24d612bfc4e5d00338be242750112732b702461c73f2ba9d58087d18f445309cffe372ba6cdd0f72fa9c463c09aad55a715c546a47d2045bbe2e1562bd2cc9236137d3fa38e17810d5aadc82228f32b806a0f03fb10f6a62eb32bd50530b3a8ae5217406c2e614f8247d505b1f4ec49fa9b55c48cde5d08cdac980e40dfcfa86221613742b37ebd8db48f108e15f3811119d49f99a56b14e9ef861a2396133681331bd451a4bf5b60d6e1c7ff66e5a03c644c11ddc0f199d45cc1780e406dbfa47c6741ff5d5d00336b8bbfa90bd04615e064e067ea8258fe9c8a7ef4daaed839a33a33b3b4ed8ebebf69579c91519d59499d86be11c78e05c0f0ac2acccc923682724c76fe4c561566e5f645f48d3966fc29bbaa32b31cf80bfa7e27667c3eb39a3203be8abe51fb6631b32c7c097dbf132bbe9a613d99fd5b519f041c9065259959f2de86bedf8911dfc8b292ccfa3a037d23cf3a26665a436696bac9e8fb9dace3eb99d690593f3e89beb16715cf645c3766960fcfa1ef7fb28affc8b86ecc06f409f48d3e8bb83ceb8a31b35cb80a7dff93457c3aeb8a290b6f04d4bc6f011f2334c03cbb535d003393b85d5d801675031fc193fe9ae601406bbe4bd86272b9ba202d9884f700302b9be1847b3faf9603c7023f5017c4ec60c24953ea4761cdc6bdc0f699d78a99a5682be05fe8fb9d6663313ed8c712b3073007fdcdd16c2c23cca21d9975c598591246025f0096a2ef6f9a8d79c03e19d78b5926b6035e427f93b412f7013b665d316626b513703ffafea5957811d836eb8a31cbd246c063e86f96566239f04dc2d9e166965fa309139697a3ef575a8947800d32ae1bb32856056e447fd3b41a8fe15d02cdf2ea206026fa7ea4d5b8155823e3ba318b6a0c618dbdfae6c9222e07a6645b3d6616c964e002f4fd4616712d3036dbea316b8f21c08fd0df4459c402c204a21159569099656618616f92b9e8fb8b2ce2a7c0d04c6bc84ce04ca00bfd0d9545dc4b58f16066e9d893fc4ff2eb8d2ee0f44c6bc74cec30603efa9b2b8be8067e05ac9b690d9959a3a600bf21dc93ea7e218b980fbc3dd31a324bc456c013e86fb2ac6209f01d607c96956466831a43782597e70dc8fac633c08c0cebc82c399308b35ad5375b96f132e1dda3dfd799c5d5091c033c8ffebecf32ee00d6c9b09ecc92359af0d84e7dd3651df702fb65584f66b6c201848dbad4f779d6f14bbce78895d069e47f838e5a712d3e5bc02c2b6f02fe88febece3a9601a766584f66b9b307f002fa9b3146fc11bfd3336bd6e6c0851467825f75bc8cf7f43703c2bbaf7fa2bf296344376123a1ad33ab2db362db8cb0914f51960ef78d3b80f532ab2db302180dfc1cfdcd192bba08effa36ccaac2cc0a6623c2f2daa27ef157089bfbf87dbf593f4e0016a1bf5163c532c24060cbac2acc2ce7b6227cf12f437f7fc68a05c07119d59759a16d4d38fd4a7dd3c68e1b808333aa33b3bcd995f07aac88eff8abe3613ce0376bc878e062f4376f3be246e06d404726356796ae4ee010e066f4f75d3be2b7f8301fb3a69d44b176fb1a28ee038e074666527366e91809bc1f7800fd7dd68e58009c9849cd9995dca6c09de86fea76c56cc216c35333a83b33a549842d7b5f427f5fb52bee03b6c8a0eeccacc748c29762d1df17564717612f8183f1eb01cb975d096bf88b3cb1af565c4058d16466111c02bc88fe466f77dc077c08bf4fb4748d25bcb22bcab1bc8dc40bc041ad57a1990d660de012f437bd2216117e59ed839f0a581a66006703f3d0df1f8ab80a58abe55a34b3861c01bc8abe0350c593c0d7f1ae62d67e93813328c772ddfe620e9ee867263515b81e7d67a08c2ee03ae03d7897318b6734f05ec2bc9422efd6574ffc1f30a5b5ea34b32c74022753de4790d5310ff83561ae8497135aab460287128eef9e8fbe7dab632ef011429f636609994a388a57dd49a4120b083bad1d8367265bfd4610569e5c4078ccad6ec7a9c435f857bf59d23a089be994796e40ad788d70d8d221c098a66bd78a6a0ca16dfc9cd056d4ed35a5780538b6f9aa35b3765b0bb8087de791622c26fc9a391958bfd90ab6dc5b9fd006ae25b40975bb4c312e0426365bc166a6752030137d479272dc079c05ec010c6dae9a2d0786027b02dfa49c6bf51b89c780fd9baa65334bca28c276a4fe953378cc27ccf23e83b09bdbb0c6abdb123104984e58aa7621618b6975fb4a3d9612761cf56b32b382d90cf82bfa4e264f311bb814f818e148536f3e94ae4e602be014c267e62ffcc6e27a6093866bdd72cb9d59f97400ef223cf25e5b5c963c7a15b815b8a5eacf57a4252aafd5801d803755fdb9b2b444f9f424703ae1298995880700e535063813380daf976fd5a3ac1810dc0adc4d38c2d9b2338670c25cf597fd346989f26f11613ec437707b2d250f006c6de0abc0d1ea8214cc73c0ed840986f7f7fc792fb04459a81c1842586b3e9df0ca6a3a61affd8d7bfe9d65e30ae0a3c0e3ea82988e0700d66b0fc2af81edd50529b0c584c1c0038459d6337bfe7c8c3060289349846578d3aafedc94f0a5ef2752f1dc4278dcff7775414ccf0300abd63b3fe0ab845d05ad7d16b162503013788a70c4eab3c0f38401c26bb2d2356602611f8a89842ffa358175098736f57ed9fbcc86f69a097c9af09ebf222e8b25c20300ab65046183944fe34955295944180c3c0bbc481810cc21eccf5efde7ec9e7f5ec8ebdfedceaefae70584255f00c379fdb2afeacf7c0ce1cb7a3ce18b7d3c30aecf9f13085ff26bf5847fc1a7e355e02bc00f58f1799b011e00d8c0c60227110602e3c46531b3fa2d00be4f98e0377b90ffac959427d5d840960237023f213c369c8137c6314bd952e0a7c061c01f08f34ecccc5ab6367036a193516f5ae2703856c412e087c064cceae45700d68c75814f001fc093b9cc949602bf05be4898446a56370f00ac156b02a712260c8e1697c5ac4c96108e2efe12f08cb82c96531e005816d6243c11f8209e2c6816d31ce047c0b7092b41cc9ae6018065692cf03ec260601d7159cc8ae479c2fc9bff213ffb419859090d038e01ee413f39cae1c873dc4d38ced87b2b9859ae7400fb0157015de83b5387230fd145d8ab7f5ffc94d62272e3b276994658357022de5dd0ac9679c06f80ef10ce8c308bca03006bb771c071c087804db445314bc28384897de713b670366b0b0f004c6906e189c0517819a195cb12e032e01ce0cf8447ff666de50180a56055e058c22b023f15b0227b80f0a57f01e1a01e33190f002c3533082b08de03ac262e8b59165e032e277ce9fbd7be25c303004bd508c22ce8a38143f02144962f5dc0f5c02f808b78fdb1cc6649f000c0f260227004f04e6067dc6e2d4dddc04d84bdf97f07bca02d8ed9c0dc915adeac0dbc833020f060c052703fe10bff0260a6b82c667573e76979368d70eef9a1c09b804e6d71ac24ba817f009700bfc75ffa96531e005851ac061c407832b02f305c5b1c2b982ec297feef7ae2596d71cc5ae7018015d118e0cdc0418441c1dadae2584ebd04fc85b02def65f8101e2b180f00ace83a806d81fd7b620760a8b44496aae5845ff9d700570377e0257b56601e0058d98c017602f6e9896df17d506633813ff5c41ff1af7c2b11777c56761309af0b7685ffdfde1dbc441d447100ff905e0ac5883c1505812d9458e1b1fcd7bb64a728342c2252a8ec1281866286a01dde2ced860859f6dbcdef071e6fe07799cbee3c8699799670470e13feaf0ef10a4fb08cc772552fceb1140011c3aee0a12a081ea91d82f4621f4fdff0422df6cb788aad4e671431425200449c6c123df544f1a22a0e1ec82ec128da508bfcf316cf54d39d8838460a8088df378d05dcc3fd96e7a5a3e1bfb28735ac60b5c54bec7439a98871930220e2ef98c09c2a047ab8ab3a1bf6a43038ad3dbc69f1bae535bc53f7f223e20fa40088385b177013b7714bbd5e3898a7ba9bda48d8515bf7eb2df7c76ff15eaee1459c99140011dd9a550f155dc70d5c1b18cfb6b86afc7eab47f8a21ed3f98c8fd8c4277c68e3cdf63d223a306e7f2a11e7d1849f85403f5fc6cc2f795abd737051dd5c98526d94670c1f5abca4da2d0ffa6eb865ed21bee200bbd857a7ea775b6cb7efdb03e3fe82dfcfd9a68f18613f0054edd9a88a775c8b0000000049454e44ae426082, 'Plaza la viña', 695866216, 1, 1);

-- --------------------------------------------------------

--
-- Estructura para la vista `finales`
--
DROP TABLE IF EXISTS `finales`;

CREATE ALGORITHM=UNDEFINED DEFINER=`root`@`localhost` SQL SECURITY DEFINER VIEW `finales`  AS SELECT `cursos`.`asignatura` AS `asignatura`, `usuarios`.`nombre` AS `nombre`, `notas`.`nota` AS `nota`, `asignaturas`.`profesor` AS `profesor` FROM (((`usuarios` join `notas`) join `cursos`) join `asignaturas`) WHERE `notas`.`id_alumno` = `usuarios`.`id` AND `cursos`.`id_asignatura` = `notas`.`id_curso` AND `asignaturas`.`id_profesor` = `notas`.`id_asignatura` ORDER BY `cursos`.`asignatura` DESC ;

--
-- Índices para tablas volcadas
--

--
-- Indices de la tabla `asignaturas`
--
ALTER TABLE `asignaturas`
  ADD PRIMARY KEY (`id_profesor`),
  ADD UNIQUE KEY `id_profesor` (`id_profesor`);

--
-- Indices de la tabla `cursos`
--
ALTER TABLE `cursos`
  ADD PRIMARY KEY (`id_asignatura`),
  ADD UNIQUE KEY `id_asignatura` (`id_asignatura`);

--
-- Indices de la tabla `notas`
--
ALTER TABLE `notas`
  ADD PRIMARY KEY (`id_notas`),
  ADD UNIQUE KEY `id_notas` (`id_notas`,`id_alumno`,`id_asignatura`,`id_curso`),
  ADD KEY `id_curso` (`id_curso`),
  ADD KEY `id_asignatura` (`id_asignatura`),
  ADD KEY `id_alumno` (`id_alumno`);

--
-- Indices de la tabla `usuarios`
--
ALTER TABLE `usuarios`
  ADD PRIMARY KEY (`id`),
  ADD UNIQUE KEY `id` (`id`);

--
-- AUTO_INCREMENT de las tablas volcadas
--

--
-- AUTO_INCREMENT de la tabla `asignaturas`
--
ALTER TABLE `asignaturas`
  MODIFY `id_profesor` int(11) NOT NULL AUTO_INCREMENT, AUTO_INCREMENT=7;

--
-- AUTO_INCREMENT de la tabla `cursos`
--
ALTER TABLE `cursos`
  MODIFY `id_asignatura` int(11) NOT NULL AUTO_INCREMENT, AUTO_INCREMENT=7;

--
-- AUTO_INCREMENT de la tabla `notas`
--
ALTER TABLE `notas`
  MODIFY `id_notas` int(11) NOT NULL AUTO_INCREMENT, AUTO_INCREMENT=19;

--
-- AUTO_INCREMENT de la tabla `usuarios`
--
ALTER TABLE `usuarios`
  MODIFY `id` int(2) NOT NULL AUTO_INCREMENT, AUTO_INCREMENT=4;

--
-- Restricciones para tablas volcadas
--

--
-- Filtros para la tabla `notas`
--
ALTER TABLE `notas`
  ADD CONSTRAINT `notas_ibfk_1` FOREIGN KEY (`id_curso`) REFERENCES `cursos` (`id_asignatura`),
  ADD CONSTRAINT `notas_ibfk_2` FOREIGN KEY (`id_asignatura`) REFERENCES `asignaturas` (`id_profesor`),
  ADD CONSTRAINT `notas_ibfk_3` FOREIGN KEY (`id_alumno`) REFERENCES `usuarios` (`id`);
COMMIT;

/*!40101 SET CHARACTER_SET_CLIENT=@OLD_CHARACTER_SET_CLIENT */;
/*!40101 SET CHARACTER_SET_RESULTS=@OLD_CHARACTER_SET_RESULTS */;
/*!40101 SET COLLATION_CONNECTION=@OLD_COLLATION_CONNECTION */;
